Workbook
Name 주소: #REF!
Name 주소: #REF!

Sheet 스토리지-가상화현황
A1: 구분 | B1: HOSTNAME | C1: 서버명(Guest) | D1: 가상화 호스트 | E1: VG명 | F1: LUN수 | G1: Lun Size | H1: 할당량 | I1: LUN name | J1: LUN Address | K1: 사용 Port
A2: DR 파생 접속 | B2: pkvex1006 pkvex1010 pkvex1014 | C2: pkfchapr1 | D2: =VLOOKUP($C$2:$C$171,가상화배치내역!$A$2:$B$335,2,FALSE) -> pkvex1006 | E2: vg_ch1fs01 | F2: 1 | G2: 590 | H2: =F2*G2 -> 590 | I2: vg_ch1fs01 | J2: 0 | K2: 1A/2A/3A/4A/1C/2C/3C/4C
C3: pkfchapr2 | D3: =VLOOKUP($C$2:$C$171,가상화배치내역!$A$2:$B$335,2,FALSE) -> pkvex1010 | E3: vg_ch2fs01 | F3: 1 | G3: 590 | H3: =F3*G3 -> 590 | I3: vg_ch2fs01 | J3: 0.00069444444
C4: pkfchapr3 | D4: =VLOOKUP($C$2:$C$171,가상화배치내역!$A$2:$B$335,2,FALSE) -> pkvex1014 | E4: vg_ch3fs01 | F4: 1 | G4: 590 | H4: =F4*G4 -> 590 | I4: vg_ch3fs01 | J4: 0.0013888889
C5: pkfchapr1 | D5: =VLOOKUP($C$2:$C$171,가상화배치내역!$A$2:$B$335,2,FALSE) -> pkvex1006 | E5: vg_chcfs01 | F5: 1 | G5: 75 | H5: =F5*G5 -> 75 | I5: vg_chcfs01 | J5: 0.0020833333
E6: Lock Device | F6: 1 | G6: 0.2 | H6: =F6*G6 -> 0.2 | I6: Lock Device | J6: 0F:00
E7: Lock Device | F7: 1 | G7: 0.2 | H7: =F7*G7 -> 0.2 | I7: Lock Device | J7: 0F:01
E8: Lock Device | F8: 1 | G8: 0.2 | H8: =F8*G8 -> 0.2 | I8: Lock Device | J8: 0F:02
C9: pkfchapr2 | D9: =VLOOKUP($C$2:$C$171,가상화배치내역!$A$2:$B$335,2,FALSE) -> pkvex1010 | E9: vg_chcfs01 | F9: 1 | G9: 75 | H9: =F9*G9 -> 75 | I9: vg_chcfs01 | J9: 0.0020833333
E10: Lock Device | F10: 1 | G10: 0.2 | H10: =F10*G10 -> 0.2 | I10: Lock Device | J10: 0F:00
E11: Lock Device | F11: 1 | G11: 0.2 | H11: =F11*G11 -> 0.2 | I11: Lock Device | J11: 0F:01
E12: Lock Device | F12: 1 | G12: 0.2 | H12: =F12*G12 -> 0.2 | I12: Lock Device | J12: 0F:02
C13: pkfchapr3 | D13: =VLOOKUP($C$2:$C$171,가상화배치내역!$A$2:$B$335,2,FALSE) -> pkvex1014 | E13: vg_chcfs01 | F13: 1 | G13: 75 | H13: =F13*G13 -> 75 | I13: vg_chcfs01 | J13: 0.0020833333
E14: Lock Device | F14: 1 | G14: 0.2 | H14: =F14*G14 -> 0.2 | I14: Lock Device | J14: 0F:00
E15: Lock Device | F15: 1 | G15: 0.2 | H15: =F15*G15 -> 0.2 | I15: Lock Device | J15: 0F:01
E16: Lock Device | F16: 1 | G16: 0.2 | H16: =F16*G16 -> 0.2 | I16: Lock Device | J16: 0F:02
C17: pkfchapr1 | D17: =VLOOKUP($C$2:$C$171,가상화배치내역!$A$2:$B$335,2,FALSE) -> pkvex1006 | E17: VVR_vg_ch1fs01 | F17: 1 | G17: 59 | H17: =F17*G17 -> 59 | I17: vg_ch1fs01 | J17: 10:00
C18: pkfchapr2 | D18: =VLOOKUP($C$2:$C$171,가상화배치내역!$A$2:$B$335,2,FALSE) -> pkvex1010 | E18: VVR_vg_ch2fs01 | F18: 1 | G18: 59 | H18: =F18*G18 -> 59 | I18: vg_ch2fs01 | J18: 10:01
C19: pkfchapr3 | D19: =VLOOKUP($C$2:$C$171,가상화배치내역!$A$2:$B$335,2,FALSE) -> pkvex1014 | E19: VVR_vg_ch3fs01 | F19: 1 | G19: 59 | H19: =F19*G19 -> 59 | I19: vg_ch3fs01 | J19: 10:02
C20: pkfchapr1 | D20: =VLOOKUP($C$2:$C$171,가상화배치내역!$A$2:$B$335,2,FALSE) -> pkvex1006 | E20: VVR_vg_chcfs01 | F20: 1 | G20: 7.5 | H20: =F20*G20 -> 7.5 | I20: vg_chcfs01 | J20: 10:03
C21: pkfchapr2 | D21: =VLOOKUP($C$2:$C$171,가상화배치내역!$A$2:$B$335,2,FALSE) -> pkvex1010 | E21: VVR_vg_chcfs01 | F21: 1 | G21: 7.5 | H21: =F21*G21 -> 7.5 | I21: vg_chcfs01 | J21: 10:03
C22: pkfchapr3 | D22: =VLOOKUP($C$2:$C$171,가상화배치내역!$A$2:$B$335,2,FALSE) -> pkvex1014 | E22: VVR_vg_chcfs01 | F22: 1 | G22: 7.5 | H22: =F22*G22 -> 7.5 | I22: vg_chcfs01 | J22: 10:03
C23: S-DR-RDMP-LUN192-PKFCHAPR | D23: =VLOOKUP($C$2:$C$171,가상화배치내역!$A$2:$B$335,2,FALSE) -> #N/A | E23: RDMp | F23: 1 | G23: 1.5 | H23: =F23*G23 -> 1.5 | I23: RDMp | J23: 1F:00
A24: DR 파생 매칭 | B24: pkvex1003 pkvex1013 | C24: pkftrapr1 | D24: =VLOOKUP($C$2:$C$171,가상화배치내역!$A$2:$B$335,2,FALSE) -> pkvex1003 | E24: vg_tr1fs01 | F24: 1 | G24: 50 | H24: =F24*G24 -> 50 | I24: vg_me1fs01 | J24: 0.0027777778
C25: pkftrapr2 | D25: =VLOOKUP($C$2:$C$171,가상화배치내역!$A$2:$B$335,2,FALSE) -> pkvex1013 | E25: vg_tr2fs01 | F25: 1 | G25: 50 | H25: =F25*G25 -> 50 | I25: vg_me2fs01 | J25: 0.0034722222
C26: pkftrapr1 | D26: =VLOOKUP($C$2:$C$171,가상화배치내역!$A$2:$B$335,2,FALSE) -> pkvex1003 | E26: vg_trcfs01 | F26: 1 | G26: 90 | H26: =F26*G26 -> 90 | I26: vg_mecfs01 | J26: 0.0048611111
E27: vg_trcfs02 | F27: 1 | G27: 110 | H27: =F27*G27 -> 110 | I27: vg_mecfs03 | J27: 0.0055555556
E28: Lock Device | F28: 1 | G28: 0.2 | H28: =F28*G28 -> 0.2 | I28: Lock Device | J28: 0F:03
E29: Lock Device | F29: 1 | G29: 0.2 | H29: =F29*G29 -> 0.2 | I29: Lock Device | J29: 0F:04
E30: Lock Device | F30: 1 | G30: 0.2 | H30: =F30*G30 -> 0.2 | I30: Lock Device | J30: 0F:05
C31: pkftrapr2 | D31: =VLOOKUP($C$2:$C$171,가상화배치내역!$A$2:$B$335,2,FALSE) -> pkvex1013 | E31: vg_trcfs01 | F31: 1 | G31: 90 | H31: =F31*G31 -> 90 | I31: vg_mecfs01 | J31: 0.0048611111
E32: vg_trcfs02 | F32: 1 | G32: 110 | H32: =F32*G32 -> 110 | I32: vg_mecfs03 | J32: 0.0055555556
E33: Lock Device | F33: 1 | G33: 0.2 | H33: =F33*G33 -> 0.2 | I33: Lock Device | J33: 0F:03
E34: Lock Device | F34: 1 | G34: 0.2 | H34: =F34*G34 -> 0.2 | I34: Lock Device | J34: 0F:04
E35: Lock Device | F35: 1 | G35: 0.2 | H35: =F35*G35 -> 0.2 | I35: Lock Device | J35: 0F:05
C36: pkftrapr1 | D36: =VLOOKUP($C$2:$C$171,가상화배치내역!$A$2:$B$335,2,FALSE) -> pkvex1003 | E36: vg_tr1fs01 | F36: 1 | G36: 4.7 | H36: =F36*G36 -> 4.7 | I36: vg_me1fs01 | J36: 10:04
C37: pkftrapr2 | D37: =VLOOKUP($C$2:$C$171,가상화배치내역!$A$2:$B$335,2,FALSE) -> pkvex1013 | E37: vg_tr2fs01 | F37: 1 | G37: 4.7 | H37: =F37*G37 -> 4.7 | I37: vg_me2fs01 | J37: 10:05
C38: pkftrapr1 | D38: =VLOOKUP($C$2:$C$171,가상화배치내역!$A$2:$B$335,2,FALSE) -> pkvex1003 | E38: vg_trcfs01 | F38: 1 | G38: 9 | H38: =F38*G38 -> 9 | I38: vg_trcfs01 | J38: 10:07
E39: vg_trcfs02 | F39: 1 | G39: 10.2 | H39: =F39*G39 -> 10.2 | I39: vg_mecfs03 | J39: 10:08
C40: pkftrapr2 | D40: =VLOOKUP($C$2:$C$171,가상화배치내역!$A$2:$B$335,2,FALSE) -> pkvex1013 | E40: vg_trcfs01 | F40: 1 | G40: 9 | H40: =F40*G40 -> 9 | I40: vg_trcfs01 | J40: 10:07
E41: vg_trcfs02 | F41: 1 | G41: 10.2 | H41: =F41*G41 -> 10.2 | I41: vg_mecfs03 | J41: 10:08
C42: S-DR-RDMP-LUN193-PKFTRAPR | D42: =VLOOKUP($C$2:$C$171,가상화배치내역!$A$2:$B$335,2,FALSE) -> #N/A | E42: RDMp | F42: 1 | G42: 1.5 | H42: =F42*G42 -> 1.5 | I42: RDMp | J42: 1F:01
A43: DR 파생 대량매칭 | B43: pkvex1005 pkvex1009 | C43: pkftrapr3 | D43: =VLOOKUP($C$2:$C$171,가상화배치내역!$A$2:$B$335,2,FALSE) -> pkvex1005 | E43: vg_tr4fs01 | F43: 1 | G43: 50 | H43: =F43*G43 -> 50 | I43: vg_me1fs01 | J43: 0.00625
C44: pkftrapr4 | D44: =VLOOKUP($C$2:$C$171,가상화배치내역!$A$2:$B$335,2,FALSE) -> pkvex1009 | E44: vg_tr5fs01 | F44: 1 | G44: 50 | H44: =F44*G44 -> 50 | I44: vg_me2fs01 | J44: 0:0A
C45: pkftrapr3 | D45: =VLOOKUP($C$2:$C$171,가상화배치내역!$A$2:$B$335,2,FALSE) -> pkvex1005 | E45: vg_trcfs01 | F45: 1 | G45: 45 | H45: =F45*G45 -> 45 | I45: vg_mecfs01 | J45: 0:0C
E46: vg_trcfs02 | F46: 1 | G46: 7 | H46: =F46*G46 -> 7 | I46: vg_mecfs02 | J46: 0:0D
E47: vg_trcfs03 | F47: 1 | G47: 110 | H47: =F47*G47 -> 110 | I47: vg_mecfs03 | J47: 0:0E
E48: Lock Device | F48: 1 | G48: 0.2 | H48: =F48*G48 -> 0.2 | I48: Lock Device | J48: 0F:06
E49: Lock Device | F49: 1 | G49: 0.2 | H49: =F49*G49 -> 0.2 | I49: Lock Device | J49: 0F:07
E50: Lock Device | F50: 1 | G50: 0.2 | H50: =F50*G50 -> 0.2 | I50: Lock Device | J50: 0F:08
C51: pkftrapr4 | D51: =VLOOKUP($C$2:$C$171,가상화배치내역!$A$2:$B$335,2,FALSE) -> pkvex1009 | E51: vg_trcfs01 | F51: 1 | G51: 45 | H51: =F51*G51 -> 45 | I51: vg_mecfs01 | J51: 0:0C
E52: vg_trcfs02 | F52: 1 | G52: 7 | H52: =F52*G52 -> 7 | I52: vg_mecfs02 | J52: 0:0D
E53: vg_trcfs03 | F53: 1 | G53: 110 | H53: =F53*G53 -> 110 | I53: vg_mecfs03 | J53: 0:0E
E54: Lock Device | F54: 1 | G54: 0.2 | H54: =F54*G54 -> 0.2 | I54: Lock Device | J54: 0F:06
E55: Lock Device | F55: 1 | G55: 0.2 | H55: =F55*G55 -> 0.2 | I55: Lock Device | J55: 0F:07
E56: Lock Device | F56: 1 | G56: 0.2 | H56: =F56*G56 -> 0.2 | I56: Lock Device | J56: 0F:08
C57: pkftrapr3 | D57: =VLOOKUP($C$2:$C$171,가상화배치내역!$A$2:$B$335,2,FALSE) -> pkvex1005 | E57: VVR_vg_tr4fs01 | F57: 1 | G57: 4.7 | H57: =F57*G57 -> 4.7 | I57: vg_me1fs01 | J57: 10:09
C58: pkftrapr4 | D58: =VLOOKUP($C$2:$C$171,가상화배치내역!$A$2:$B$335,2,FALSE) -> pkvex1009 | E58: VVR_vg_tr5fs01 | F58: 1 | G58: 4.7 | H58: =F58*G58 -> 4.7 | I58: vg_me2fs01 | J58: 10:0A
C59: pkftrapr3 | D59: =VLOOKUP($C$2:$C$171,가상화배치내역!$A$2:$B$335,2,FALSE) -> pkvex1005 | E59: VVR_vg_trcfs01 | F59: 1 | G59: 4.2 | H59: =F59*G59 -> 4.2 | I59: vg_mecfs01 | J59: 10:0C
E60: VVR_vg_trcfs02 | F60: 1 | G60: 1 | H60: =F60*G60 -> 1 | I60: vg_trcfs02 | J60: 10:0D
E61: VVR_vg_trcfs03(제외) | F61: 1 | G61: 10.2 | H61: =F61*G61 -> 10.2 | I61: vg_mecfs03 | J61: 10:0E
C62: pkftrapr4 | D62: =VLOOKUP($C$2:$C$171,가상화배치내역!$A$2:$B$335,2,FALSE) -> pkvex1009 | E62: VVR_vg_trcfs01 | F62: 1 | G62: 4.2 | H62: =F62*G62 -> 4.2 | I62: vg_mecfs01 | J62: 10:0C
E63: VVR_vg_trcfs02 | F63: 1 | G63: 1 | H63: =F63*G63 -> 1 | I63: vg_trcfs02 | J63: 10:0D
E64: VVR_vg_trcfs03(제외) | F64: 1 | G64: 10.2 | H64: =F64*G64 -> 10.2 | I64: vg_mecfs03 | J64: 10:0E
C65: S-DR-RDMP-LUN194-PKFTRAPR | D65: =VLOOKUP($C$2:$C$171,가상화배치내역!$A$2:$B$335,2,FALSE) -> #N/A | E65: RDMp | F65: 1 | G65: 1.5 | H65: =F65*G65 -> 1.5 | I65: RDMp | J65: 1F:02
A66: DR 파생 매매지원 | B66: pkvex1004 pkvex1008 pkvex1012 | C66: pkftsapr1 | D66: =VLOOKUP($C$2:$C$171,가상화배치내역!$A$2:$B$335,2,FALSE) -> pkvex1004 | E66: vg_ts1fs01 | F66: 1 | G66: 50 | H66: =F66*G66 -> 50 | I66: vg_ts1fs01 | J66: 0:0F
C67: pkftsapr2 | D67: =VLOOKUP($C$2:$C$171,가상화배치내역!$A$2:$B$335,2,FALSE) -> pkvex1008 | E67: vg_ts2fs01 | F67: 1 | G67: 50 | H67: =F67*G67 -> 50 | I67: vg_ts2fs01 | J67: 0.0069444444
C68: pkftsapr3 | D68: =VLOOKUP($C$2:$C$171,가상화배치내역!$A$2:$B$335,2,FALSE) -> pkvex1012 | E68: vg_ts3fs01 | F68: 1 | G68: 50 | H68: =F68*G68 -> 50 | I68: vg_ts3fs01 | J68: 0.0076388889
C69: pkftsapr1 | D69: =VLOOKUP($C$2:$C$171,가상화배치내역!$A$2:$B$335,2,FALSE) -> pkvex1004 | E69: vg_tscfs01 | F69: 1 | G69: 80 | H69: =F69*G69 -> 80 | I69: vg_tscfs01 | J69: 0.0083333333
E70: vg_tscfs02 | F70: 1 | G70: 102 | H70: =F70*G70 -> 102 | I70: vg_tscfs02 | J70: 0.0090277778
E71: vg_tscfs03 | F71: 1 | G71: 110 | H71: =F71*G71 -> 110 | I71: vg_tscfs03 | J71: 0.0097222222
E72: Lock Device | F72: 1 | G72: 0.2 | H72: =F72*G72 -> 0.2 | I72: Lock Device | J72: 0F:09
E73: Lock Device | F73: 1 | G73: 0.2 | H73: =F73*G73 -> 0.2 | I73: Lock Device | J73: 0F:0A
C74: pkftsapr2 | D74: =VLOOKUP($C$2:$C$171,가상화배치내역!$A$2:$B$335,2,FALSE) -> pkvex1008 | E74: vg_tscfs01 | F74: 1 | G74: 80 | H74: =F74*G74 -> 80 | I74: vg_tscfs01 | J74: 0.0083333333
E75: vg_tscfs02 | F75: 1 | G75: 102 | H75: =F75*G75 -> 102 | I75: vg_tscfs02 | J75: 0.0090277778
E76: vg_tscfs03 | F76: 1 | G76: 110 | H76: =F76*G76 -> 110 | I76: vg_tscfs03 | J76: 0.0097222222
E77: Lock Device | F77: 1 | G77: 0.2 | H77: =F77*G77 -> 0.2 | I77: Lock Device | J77: 0F:09
E78: Lock Device | F78: 1 | G78: 0.2 | H78: =F78*G78 -> 0.2 | I78: Lock Device | J78: 0F:0A
C79: pkftsapr3 | D79: =VLOOKUP($C$2:$C$171,가상화배치내역!$A$2:$B$335,2,FALSE) -> pkvex1012 | E79: vg_tscfs01 | F79: 1 | G79: 80 | H79: =F79*G79 -> 80 | I79: vg_tscfs01 | J79: 0.0083333333
E80: vg_tscfs02 | F80: 1 | G80: 102 | H80: =F80*G80 -> 102 | I80: vg_tscfs02 | J80: 0.0090277778
E81: vg_tscfs03 | F81: 1 | G81: 110 | H81: =F81*G81 -> 110 | I81: vg_tscfs03 | J81: 0.0097222222
E82: Lock Device | F82: 1 | G82: 0.2 | H82: =F82*G82 -> 0.2 | I82: Lock Device | J82: 0F:09
E83: Lock Device | F83: 1 | G83: 0.2 | H83: =F83*G83 -> 0.2 | I83: Lock Device | J83: 0F:0A
C84: pkftsapr1 | D84: =VLOOKUP($C$2:$C$171,가상화배치내역!$A$2:$B$335,2,FALSE) -> pkvex1004 | E84: VVR_vg_ts1fs01 | F84: 1 | G84: 4.7 | H84: =F84*G84 -> 4.7 | I84: vg_ts1fs01 | J84: 10:0F
C85: pkftsapr2 | D85: =VLOOKUP($C$2:$C$171,가상화배치내역!$A$2:$B$335,2,FALSE) -> pkvex1008 | E85: VVR_vg_ts2fs01 | F85: 1 | G85: 4.7 | H85: =F85*G85 -> 4.7 | I85: vg_ts2fs01 | J85: 10:10
C86: pkftsapr3 | D86: =VLOOKUP($C$2:$C$171,가상화배치내역!$A$2:$B$335,2,FALSE) -> pkvex1012 | E86: VVR_vg_ts3fs01 | F86: 1 | G86: 4.7 | H86: =F86*G86 -> 4.7 | I86: vg_ts3fs01 | J86: 10:11
C87: pkftsapr1 | D87: =VLOOKUP($C$2:$C$171,가상화배치내역!$A$2:$B$335,2,FALSE) -> pkvex1004 | E87: VVR_vg_tscfs01 | F87: 1 | G87: 9 | H87: =F87*G87 -> 9 | I87: vg_tscfs01 | J87: 10:12
E88: VVR_vg_tscfs02 | F88: 1 | G88: 11 | H88: =F88*G88 -> 11 | I88: vg_tscfs02 | J88: 10:13
E89: VVR_vg_tscfs03(제외) | F89: 1 | G89: 10.2 | H89: =F89*G89 -> 10.2 | I89: vg_tscfs03 | J89: 10:14
E90: Lock Device | F90: 1 | G90: 0.2 | H90: =F90*G90 -> 0.2 | I90: Lock Device | J90: 0F:0B
C91: pkftsapr2 | D91: =VLOOKUP($C$2:$C$171,가상화배치내역!$A$2:$B$335,2,FALSE) -> pkvex1008 | E91: VVR_vg_tscfs01 | F91: 1 | G91: 9 | H91: =F91*G91 -> 9 | I91: vg_tscfs01 | J91: 10:12
E92: VVR_vg_tscfs02 | F92: 1 | G92: 11 | H92: =F92*G92 -> 11 | I92: vg_tscfs02 | J92: 10:13
E93: VVR_vg_tscfs03(제외) | F93: 1 | G93: 10.2 | H93: =F93*G93 -> 10.2 | I93: vg_tscfs03 | J93: 10:14
E94: Lock Device | F94: 1 | G94: 0.2 | H94: =F94*G94 -> 0.2 | I94: Lock Device | J94: 0F:0B
C95: pkftsapr3 | D95: =VLOOKUP($C$2:$C$171,가상화배치내역!$A$2:$B$335,2,FALSE) -> pkvex1012 | E95: VVR_vg_tscfs01 | F95: 1 | G95: 9 | H95: =F95*G95 -> 9 | I95: vg_tscfs01 | J95: 10:12
E96: VVR_vg_tscfs02 | F96: 1 | G96: 11 | H96: =F96*G96 -> 11 | I96: vg_tscfs02 | J96: 10:13
E97: VVR_vg_tscfs03(제외) | F97: 1 | G97: 10.2 | H97: =F97*G97 -> 10.2 | I97: vg_tscfs03 | J97: 10:14
E98: Lock Device | F98: 1 | G98: 0.2 | H98: =F98*G98 -> 0.2 | I98: Lock Device | J98: 0F:0B
C99: S-DR-RDMP-LUN195-PKFTSAPR | D99: =VLOOKUP($C$2:$C$171,가상화배치내역!$A$2:$B$335,2,FALSE) -> #N/A | E99: RDMp | F99: 1 | G99: 1.5 | H99: =F99*G99 -> 1.5 | I99: RDMp | J99: 1F:03
A100: DR 파생 매매지원DB | B100: pkvex1007 pkvex1011 | C100: pkftsdbr1 | D100: =VLOOKUP($C$2:$C$171,가상화배치내역!$A$2:$B$335,2,FALSE) -> pkvex1007 | E100: vg_ts1fs01 | F100: 1 | G100: 22 | H100: =F100*G100 -> 22 | I100: vg_ts1fs01 | J100: 0:15
...

Sheet 스토리지-가상화현황(정렬)
A1: 구분 | B1: HOSTNAME | C1: 가상화 호스트 | D1: 서버명(Guest) | E1: VG명 | F1: LUN수 | G1: Lun Size | H1: 할당량 | I1: LUN name | J1: LUN Address | K1: 사용 Port
A2: DR 파생 접속 | B2: pkvex1006 pkvex1010 pkvex1014 | C2: =VLOOKUP($D$2:$D$171,가상화배치내역!$A$2:$B$335,2,FALSE) -> pkvex1006 | D2: pkfchapr1 | E2: vg_ch1fs01 | F2: 1 | G2: 590 | H2: =F2*G2 -> 590 | I2: vg_ch1fs01 | J2: 0 | K2: 1A/2A/3A/4A/1C/2C/3C/4C
C3: =VLOOKUP($D$2:$D$171,가상화배치내역!$A$2:$B$335,2,FALSE) -> pkvex1010 | D3: pkfchapr2 | E3: vg_ch2fs01 | F3: 1 | G3: 590 | H3: =F3*G3 -> 590 | I3: vg_ch2fs01 | J3: 0.00069444444 | K3: 1A/2A/3A/4A/1C/2C/3C/4C
C4: =VLOOKUP($D$2:$D$171,가상화배치내역!$A$2:$B$335,2,FALSE) -> pkvex1014 | D4: pkfchapr3 | E4: vg_ch3fs01 | F4: 1 | G4: 590 | H4: =F4*G4 -> 590 | I4: vg_ch3fs01 | J4: 0.0013888889 | K4: 1A/2A/3A/4A/1C/2C/3C/4C
C5: =VLOOKUP($D$2:$D$171,가상화배치내역!$A$2:$B$335,2,FALSE) -> pkvex1006 | D5: pkfchapr1 | E5: vg_chcfs01 | F5: 1 | G5: 75 | H5: =F5*G5 -> 75 | I5: vg_chcfs01 | J5: 0.0020833333 | K5: 1A/2A/3A/4A/1C/2C/3C/4C
C6: =VLOOKUP($D$2:$D$171,가상화배치내역!$A$2:$B$335,2,FALSE) -> pkvex1006 | D6: pkfchapr1 | E6: Lock Device | F6: 1 | G6: 0.2 | H6: =F6*G6 -> 0.2 | I6: Lock Device | J6: 0F:00 | K6: 1A/2A/3A/4A/1C/2C/3C/4C
C7: =VLOOKUP($D$2:$D$171,가상화배치내역!$A$2:$B$335,2,FALSE) -> pkvex1006 | D7: pkfchapr1 | E7: Lock Device | F7: 1 | G7: 0.2 | H7: =F7*G7 -> 0.2 | I7: Lock Device | J7: 0F:01 | K7: 1A/2A/3A/4A/1C/2C/3C/4C
C8: =VLOOKUP($D$2:$D$171,가상화배치내역!$A$2:$B$335,2,FALSE) -> pkvex1006 | D8: pkfchapr1 | E8: Lock Device | F8: 1 | G8: 0.2 | H8: =F8*G8 -> 0.2 | I8: Lock Device | J8: 0F:02 | K8: 1A/2A/3A/4A/1C/2C/3C/4C
C9: =VLOOKUP($D$2:$D$171,가상화배치내역!$A$2:$B$335,2,FALSE) -> pkvex1010 | D9: pkfchapr2 | E9: vg_chcfs01 | F9: 1 | G9: 75 | H9: =F9*G9 -> 75 | I9: vg_chcfs01 | J9: 0.0020833333 | K9: 1A/2A/3A/4A/1C/2C/3C/4C
C10: pkvex1010 | D10: pkfchapr2 | E10: Lock Device | F10: 1 | G10: 0.2 | H10: =F10*G10 -> 0.2 | I10: Lock Device | J10: 0F:00 | K10: 1A/2A/3A/4A/1C/2C/3C/4C
C11: pkvex1010 | D11: pkfchapr2 | E11: Lock Device | F11: 1 | G11: 0.2 | H11: =F11*G11 -> 0.2 | I11: Lock Device | J11: 0F:01 | K11: 1A/2A/3A/4A/1C/2C/3C/4C
C12: pkvex1010 | D12: pkfchapr2 | E12: Lock Device | F12: 1 | G12: 0.2 | H12: =F12*G12 -> 0.2 | I12: Lock Device | J12: 0F:02 | K12: 1A/2A/3A/4A/1C/2C/3C/4C
C13: =VLOOKUP($D$2:$D$171,가상화배치내역!$A$2:$B$335,2,FALSE) -> pkvex1014 | D13: pkfchapr3 | E13: vg_chcfs01 | F13: 1 | G13: 75 | H13: =F13*G13 -> 75 | I13: vg_chcfs01 | J13: 0.0020833333 | K13: 1A/2A/3A/4A/1C/2C/3C/4C
C14: pkvex1014 | D14: pkfchapr3 | E14: Lock Device | F14: 1 | G14: 0.2 | H14: =F14*G14 -> 0.2 | I14: Lock Device | J14: 0F:00 | K14: 1A/2A/3A/4A/1C/2C/3C/4C
C15: pkvex1014 | D15: pkfchapr3 | E15: Lock Device | F15: 1 | G15: 0.2 | H15: =F15*G15 -> 0.2 | I15: Lock Device | J15: 0F:01 | K15: 1A/2A/3A/4A/1C/2C/3C/4C
C16: pkvex1014 | D16: pkfchapr3 | E16: Lock Device | F16: 1 | G16: 0.2 | H16: =F16*G16 -> 0.2 | I16: Lock Device | J16: 0F:02 | K16: 1A/2A/3A/4A/1C/2C/3C/4C
C17: =VLOOKUP($D$2:$D$171,가상화배치내역!$A$2:$B$335,2,FALSE) -> pkvex1006 | D17: pkfchapr1 | E17: VVR_vg_ch1fs01 | F17: 1 | G17: 59 | H17: =F17*G17 -> 59 | I17: vg_ch1fs01 | J17: 10:00 | K17: 1A/2A/3A/4A/1C/2C/3C/4C
C18: =VLOOKUP($D$2:$D$171,가상화배치내역!$A$2:$B$335,2,FALSE) -> pkvex1010 | D18: pkfchapr2 | E18: VVR_vg_ch2fs01 | F18: 1 | G18: 59 | H18: =F18*G18 -> 59 | I18: vg_ch2fs01 | J18: 10:01 | K18: 1A/2A/3A/4A/1C/2C/3C/4C
C19: =VLOOKUP($D$2:$D$171,가상화배치내역!$A$2:$B$335,2,FALSE) -> pkvex1014 | D19: pkfchapr3 | E19: VVR_vg_ch3fs01 | F19: 1 | G19: 59 | H19: =F19*G19 -> 59 | I19: vg_ch3fs01 | J19: 10:02 | K19: 1A/2A/3A/4A/1C/2C/3C/4C
C20: =VLOOKUP($D$2:$D$171,가상화배치내역!$A$2:$B$335,2,FALSE) -> pkvex1006 | D20: pkfchapr1 | E20: VVR_vg_chcfs01 | F20: 1 | G20: 7.5 | H20: =F20*G20 -> 7.5 | I20: vg_chcfs01 | J20: 10:03 | K20: 1A/2A/3A/4A/1C/2C/3C/4C
C21: =VLOOKUP($D$2:$D$171,가상화배치내역!$A$2:$B$335,2,FALSE) -> pkvex1010 | D21: pkfchapr2 | E21: VVR_vg_chcfs01 | F21: 1 | G21: 7.5 | H21: =F21*G21 -> 7.5 | I21: vg_chcfs01 | J21: 10:03 | K21: 1A/2A/3A/4A/1C/2C/3C/4C
C22: =VLOOKUP($D$2:$D$171,가상화배치내역!$A$2:$B$335,2,FALSE) -> pkvex1014 | D22: pkfchapr3 | E22: VVR_vg_chcfs01 | F22: 1 | G22: 7.5 | H22: =F22*G22 -> 7.5 | I22: vg_chcfs01 | J22: 10:03 | K22: 1A/2A/3A/4A/1C/2C/3C/4C
C23: =VLOOKUP($D$2:$D$171,가상화배치내역!$A$2:$B$335,2,FALSE) -> #N/A | D23: S-DR-RDMP-LUN192-PKFCHAPR | E23: RDMp | F23: 1 | G23: 1.5 | H23: =F23*G23 -> 1.5 | I23: RDMp | J23: 1F:00 | K23: 1A/2A/3A/4A/1C/2C/3C/4C
A24: DR 파생 매칭 | B24: pkvex1003 pkvex1013 | C24: =VLOOKUP($D$2:$D$171,가상화배치내역!$A$2:$B$335,2,FALSE) -> pkvex1003 | D24: pkftrapr1 | E24: vg_tr1fs01 | F24: 1 | G24: 50 | H24: =F24*G24 -> 50 | I24: vg_me1fs01 | J24: 0.0027777778 | K24: 1A/2A/3A/4A/1C/2C/3C/4C
C25: =VLOOKUP($D$2:$D$171,가상화배치내역!$A$2:$B$335,2,FALSE) -> pkvex1013 | D25: pkftrapr2 | E25: vg_tr2fs01 | F25: 1 | G25: 50 | H25: =F25*G25 -> 50 | I25: vg_me2fs01 | J25: 0.0034722222 | K25: 1A/2A/3A/4A/1C/2C/3C/4C
C26: =VLOOKUP($D$2:$D$171,가상화배치내역!$A$2:$B$335,2,FALSE) -> pkvex1003 | D26: pkftrapr1 | E26: vg_trcfs01 | F26: 1 | G26: 90 | H26: =F26*G26 -> 90 | I26: vg_mecfs01 | J26: 0.0048611111 | K26: 1A/2A/3A/4A/1C/2C/3C/4C
C27: pkvex1003 | D27: pkftrapr1 | E27: vg_trcfs02 | F27: 1 | G27: 110 | H27: =F27*G27 -> 110 | I27: vg_mecfs03 | J27: 0.0055555556 | K27: 1A/2A/3A/4A/1C/2C/3C/4C
C28: pkvex1003 | D28: pkftrapr1 | E28: Lock Device | F28: 1 | G28: 0.2 | H28: =F28*G28 -> 0.2 | I28: Lock Device | J28: 0F:03 | K28: 1A/2A/3A/4A/1C/2C/3C/4C
C29: pkvex1003 | D29: pkftrapr1 | E29: Lock Device | F29: 1 | G29: 0.2 | H29: =F29*G29 -> 0.2 | I29: Lock Device | J29: 0F:04 | K29: 1A/2A/3A/4A/1C/2C/3C/4C
C30: pkvex1003 | D30: pkftrapr1 | E30: Lock Device | F30: 1 | G30: 0.2 | H30: =F30*G30 -> 0.2 | I30: Lock Device | J30: 0F:05 | K30: 1A/2A/3A/4A/1C/2C/3C/4C
C31: =VLOOKUP($D$2:$D$171,가상화배치내역!$A$2:$B$335,2,FALSE) -> pkvex1013 | D31: pkftrapr2 | E31: vg_trcfs01 | F31: 1 | G31: 90 | H31: =F31*G31 -> 90 | I31: vg_mecfs01 | J31: 0.0048611111 | K31: 1A/2A/3A/4A/1C/2C/3C/4C
C32: pkvex1013 | D32: pkftrapr2 | E32: vg_trcfs02 | F32: 1 | G32: 110 | H32: =F32*G32 -> 110 | I32: vg_mecfs03 | J32: 0.0055555556 | K32: 1A/2A/3A/4A/1C/2C/3C/4C
C33: pkvex1013 | D33: pkftrapr2 | E33: Lock Device | F33: 1 | G33: 0.2 | H33: =F33*G33 -> 0.2 | I33: Lock Device | J33: 0F:03 | K33: 1A/2A/3A/4A/1C/2C/3C/4C
C34: pkvex1013 | D34: pkftrapr2 | E34: Lock Device | F34: 1 | G34: 0.2 | H34: =F34*G34 -> 0.2 | I34: Lock Device | J34: 0F:04 | K34: 1A/2A/3A/4A/1C/2C/3C/4C
C35: pkvex1013 | D35: pkftrapr2 | E35: Lock Device | F35: 1 | G35: 0.2 | H35: =F35*G35 -> 0.2 | I35: Lock Device | J35: 0F:05 | K35: 1A/2A/3A/4A/1C/2C/3C/4C
C36: =VLOOKUP($D$2:$D$171,가상화배치내역!$A$2:$B$335,2,FALSE) -> pkvex1003 | D36: pkftrapr1 | E36: vg_tr1fs01 | F36: 1 | G36: 4.7 | H36: =F36*G36 -> 4.7 | I36: vg_me1fs01 | J36: 10:04 | K36: 1A/2A/3A/4A/1C/2C/3C/4C
C37: =VLOOKUP($D$2:$D$171,가상화배치내역!$A$2:$B$335,2,FALSE) -> pkvex1013 | D37: pkftrapr2 | E37: vg_tr2fs01 | F37: 1 | G37: 4.7 | H37: =F37*G37 -> 4.7 | I37: vg_me2fs01 | J37: 10:05 | K37: 1A/2A/3A/4A/1C/2C/3C/4C
C38: =VLOOKUP($D$2:$D$171,가상화배치내역!$A$2:$B$335,2,FALSE) -> pkvex1003 | D38: pkftrapr1 | E38: vg_trcfs01 | F38: 1 | G38: 9 | H38: =F38*G38 -> 9 | I38: vg_trcfs01 | J38: 10:07 | K38: 1A/2A/3A/4A/1C/2C/3C/4C
C39: pkvex1003 | D39: pkftrapr1 | E39: vg_trcfs02 | F39: 1 | G39: 10.2 | H39: =F39*G39 -> 10.2 | I39: vg_mecfs03 | J39: 10:08 | K39: 1A/2A/3A/4A/1C/2C/3C/4C
C40: =VLOOKUP($D$2:$D$171,가상화배치내역!$A$2:$B$335,2,FALSE) -> pkvex1013 | D40: pkftrapr2 | E40: vg_trcfs01 | F40: 1 | G40: 9 | H40: =F40*G40 -> 9 | I40: vg_trcfs01 | J40: 10:07 | K40: 1A/2A/3A/4A/1C/2C/3C/4C
C41: pkvex1013 | D41: pkftrapr2 | E41: vg_trcfs02 | F41: 1 | G41: 10.2 | H41: =F41*G41 -> 10.2 | I41: vg_mecfs03 | J41: 10:08 | K41: 1A/2A/3A/4A/1C/2C/3C/4C
C42: =VLOOKUP($D$2:$D$171,가상화배치내역!$A$2:$B$335,2,FALSE) -> #N/A | D42: S-DR-RDMP-LUN193-PKFTRAPR | E42: RDMp | F42: 1 | G42: 1.5 | H42: =F42*G42 -> 1.5 | I42: RDMp | J42: 1F:01 | K42: 1A/2A/3A/4A/1C/2C/3C/4C
A43: DR 파생 대량매칭 | B43: pkvex1005 pkvex1009 | C43: =VLOOKUP($D$2:$D$171,가상화배치내역!$A$2:$B$335,2,FALSE) -> pkvex1005 | D43: pkftrapr3 | E43: vg_tr4fs01 | F43: 1 | G43: 50 | H43: =F43*G43 -> 50 | I43: vg_me1fs01 | J43: 0.00625 | K43: 1A/2A/3A/4A/1C/2C/3C/4C
C44: =VLOOKUP($D$2:$D$171,가상화배치내역!$A$2:$B$335,2,FALSE) -> pkvex1009 | D44: pkftrapr4 | E44: vg_tr5fs01 | F44: 1 | G44: 50 | H44: =F44*G44 -> 50 | I44: vg_me2fs01 | J44: 0:0A | K44: 1A/2A/3A/4A/1C/2C/3C/4C
C45: =VLOOKUP($D$2:$D$171,가상화배치내역!$A$2:$B$335,2,FALSE) -> pkvex1005 | D45: pkftrapr3 | E45: vg_trcfs01 | F45: 1 | G45: 45 | H45: =F45*G45 -> 45 | I45: vg_mecfs01 | J45: 0:0C | K45: 1A/2A/3A/4A/1C/2C/3C/4C
C46: pkvex1005 | D46: pkftrapr3 | E46: vg_trcfs02 | F46: 1 | G46: 7 | H46: =F46*G46 -> 7 | I46: vg_mecfs02 | J46: 0:0D | K46: 1A/2A/3A/4A/1C/2C/3C/4C
C47: pkvex1005 | D47: pkftrapr3 | E47: vg_trcfs03 | F47: 1 | G47: 110 | H47: =F47*G47 -> 110 | I47: vg_mecfs03 | J47: 0:0E | K47: 1A/2A/3A/4A/1C/2C/3C/4C
C48: pkvex1005 | D48: pkftrapr3 | E48: Lock Device | F48: 1 | G48: 0.2 | H48: =F48*G48 -> 0.2 | I48: Lock Device | J48: 0F:06 | K48: 1A/2A/3A/4A/1C/2C/3C/4C
C49: pkvex1005 | D49: pkftrapr3 | E49: Lock Device | F49: 1 | G49: 0.2 | H49: =F49*G49 -> 0.2 | I49: Lock Device | J49: 0F:07 | K49: 1A/2A/3A/4A/1C/2C/3C/4C
C50: pkvex1005 | D50: pkftrapr3 | E50: Lock Device | F50: 1 | G50: 0.2 | H50: =F50*G50 -> 0.2 | I50: Lock Device | J50: 0F:08 | K50: 1A/2A/3A/4A/1C/2C/3C/4C
C51: =VLOOKUP($D$2:$D$171,가상화배치내역!$A$2:$B$335,2,FALSE) -> pkvex1009 | D51: pkftrapr4 | E51: vg_trcfs01 | F51: 1 | G51: 45 | H51: =F51*G51 -> 45 | I51: vg_mecfs01 | J51: 0:0C | K51: 1A/2A/3A/4A/1C/2C/3C/4C
C52: pkvex1009 | D52: pkftrapr4 | E52: vg_trcfs02 | F52: 1 | G52: 7 | H52: =F52*G52 -> 7 | I52: vg_mecfs02 | J52: 0:0D | K52: 1A/2A/3A/4A/1C/2C/3C/4C
C53: pkvex1009 | D53: pkftrapr4 | E53: vg_trcfs03 | F53: 1 | G53: 110 | H53: =F53*G53 -> 110 | I53: vg_mecfs03 | J53: 0:0E | K53: 1A/2A/3A/4A/1C/2C/3C/4C
C54: pkvex1009 | D54: pkftrapr4 | E54: Lock Device | F54: 1 | G54: 0.2 | H54: =F54*G54 -> 0.2 | I54: Lock Device | J54: 0F:06 | K54: 1A/2A/3A/4A/1C/2C/3C/4C
C55: pkvex1009 | D55: pkftrapr4 | E55: Lock Device | F55: 1 | G55: 0.2 | H55: =F55*G55 -> 0.2 | I55: Lock Device | J55: 0F:07 | K55: 1A/2A/3A/4A/1C/2C/3C/4C
C56: pkvex1009 | D56: pkftrapr4 | E56: Lock Device | F56: 1 | G56: 0.2 | H56: =F56*G56 -> 0.2 | I56: Lock Device | J56: 0F:08 | K56: 1A/2A/3A/4A/1C/2C/3C/4C
C57: =VLOOKUP($D$2:$D$171,가상화배치내역!$A$2:$B$335,2,FALSE) -> pkvex1005 | D57: pkftrapr3 | E57: VVR_vg_tr4fs01 | F57: 1 | G57: 4.7 | H57: =F57*G57 -> 4.7 | I57: vg_me1fs01 | J57: 10:09 | K57: 1A/2A/3A/4A/1C/2C/3C/4C
C58: =VLOOKUP($D$2:$D$171,가상화배치내역!$A$2:$B$335,2,FALSE) -> pkvex1009 | D58: pkftrapr4 | E58: VVR_vg_tr5fs01 | F58: 1 | G58: 4.7 | H58: =F58*G58 -> 4.7 | I58: vg_me2fs01 | J58: 10:0A | K58: 1A/2A/3A/4A/1C/2C/3C/4C
C59: =VLOOKUP($D$2:$D$171,가상화배치내역!$A$2:$B$335,2,FALSE) -> pkvex1005 | D59: pkftrapr3 | E59: VVR_vg_trcfs01 | F59: 1 | G59: 4.2 | H59: =F59*G59 -> 4.2 | I59: vg_mecfs01 | J59: 10:0C | K59: 1A/2A/3A/4A/1C/2C/3C/4C
C60: pkvex1005 | D60: pkftrapr3 | E60: VVR_vg_trcfs02 | F60: 1 | G60: 1 | H60: =F60*G60 -> 1 | I60: vg_trcfs02 | J60: 10:0D | K60: 1A/2A/3A/4A/1C/2C/3C/4C
C61: pkvex1005 | D61: pkftrapr3 | E61: VVR_vg_trcfs03(제외) | F61: 1 | G61: 10.2 | H61: =F61*G61 -> 10.2 | I61: vg_mecfs03 | J61: 10:0E | K61: 1A/2A/3A/4A/1C/2C/3C/4C
C62: =VLOOKUP($D$2:$D$171,가상화배치내역!$A$2:$B$335,2,FALSE) -> pkvex1009 | D62: pkftrapr4 | E62: VVR_vg_trcfs01 | F62: 1 | G62: 4.2 | H62: =F62*G62 -> 4.2 | I62: vg_mecfs01 | J62: 10:0C | K62: 1A/2A/3A/4A/1C/2C/3C/4C
C63: pkvex1009 | D63: pkftrapr4 | E63: VVR_vg_trcfs02 | F63: 1 | G63: 1 | H63: =F63*G63 -> 1 | I63: vg_trcfs02 | J63: 10:0D | K63: 1A/2A/3A/4A/1C/2C/3C/4C
C64: pkvex1009 | D64: pkftrapr4 | E64: VVR_vg_trcfs03(제외) | F64: 1 | G64: 10.2 | H64: =F64*G64 -> 10.2 | I64: vg_mecfs03 | J64: 10:0E | K64: 1A/2A/3A/4A/1C/2C/3C/4C
C65: =VLOOKUP($D$2:$D$171,가상화배치내역!$A$2:$B$335,2,FALSE) -> #N/A | D65: S-DR-RDMP-LUN194-PKFTRAPR | E65: RDMp | F65: 1 | G65: 1.5 | H65: =F65*G65 -> 1.5 | I65: RDMp | J65: 1F:02 | K65: 1A/2A/3A/4A/1C/2C/3C/4C
A66: DR 파생 매매지원 | B66: pkvex1004 pkvex1008 pkvex1012 | C66: =VLOOKUP($D$2:$D$171,가상화배치내역!$A$2:$B$335,2,FALSE) -> pkvex1004 | D66: pkftsapr1 | E66: vg_ts1fs01 | F66: 1 | G66: 50 | H66: =F66*G66 -> 50 | I66: vg_ts1fs01 | J66: 0:0F | K66: 1A/2A/3A/4A/1C/2C/3C/4C
C67: =VLOOKUP($D$2:$D$171,가상화배치내역!$A$2:$B$335,2,FALSE) -> pkvex1008 | D67: pkftsapr2 | E67: vg_ts2fs01 | F67: 1 | G67: 50 | H67: =F67*G67 -> 50 | I67: vg_ts2fs01 | J67: 0.0069444444 | K67: 1A/2A/3A/4A/1C/2C/3C/4C
C68: =VLOOKUP($D$2:$D$171,가상화배치내역!$A$2:$B$335,2,FALSE) -> pkvex1012 | D68: pkftsapr3 | E68: vg_ts3fs01 | F68: 1 | G68: 50 | H68: =F68*G68 -> 50 | I68: vg_ts3fs01 | J68: 0.0076388889 | K68: 1A/2A/3A/4A/1C/2C/3C/4C
C69: =VLOOKUP($D$2:$D$171,가상화배치내역!$A$2:$B$335,2,FALSE) -> pkvex1004 | D69: pkftsapr1 | E69: vg_tscfs01 | F69: 1 | G69: 80 | H69: =F69*G69 -> 80 | I69: vg_tscfs01 | J69: 0.0083333333 | K69: 1A/2A/3A/4A/1C/2C/3C/4C
C70: pkvex1004 | D70: pkftsapr1 | E70: vg_tscfs02 | F70: 1 | G70: 102 | H70: =F70*G70 -> 102 | I70: vg_tscfs02 | J70: 0.0090277778 | K70: 1A/2A/3A/4A/1C/2C/3C/4C
C71: pkvex1004 | D71: pkftsapr1 | E71: vg_tscfs03 | F71: 1 | G71: 110 | H71: =F71*G71 -> 110 | I71: vg_tscfs03 | J71: 0.0097222222 | K71: 1A/2A/3A/4A/1C/2C/3C/4C
C72: pkvex1004 | D72: pkftsapr1 | E72: Lock Device | F72: 1 | G72: 0.2 | H72: =F72*G72 -> 0.2 | I72: Lock Device | J72: 0F:09 | K72: 1A/2A/3A/4A/1C/2C/3C/4C
C73: pkvex1004 | D73: pkftsapr1 | E73: Lock Device | F73: 1 | G73: 0.2 | H73: =F73*G73 -> 0.2 | I73: Lock Device | J73: 0F:0A | K73: 1A/2A/3A/4A/1C/2C/3C/4C
C74: =VLOOKUP($D$2:$D$171,가상화배치내역!$A$2:$B$335,2,FALSE) -> pkvex1008 | D74: pkftsapr2 | E74: vg_tscfs01 | F74: 1 | G74: 80 | H74: =F74*G74 -> 80 | I74: vg_tscfs01 | J74: 0.0083333333 | K74: 1A/2A/3A/4A/1C/2C/3C/4C
C75: pkvex1008 | D75: pkftsapr2 | E75: vg_tscfs02 | F75: 1 | G75: 102 | H75: =F75*G75 -> 102 | I75: vg_tscfs02 | J75: 0.0090277778 | K75: 1A/2A/3A/4A/1C/2C/3C/4C
C76: pkvex1008 | D76: pkftsapr2 | E76: vg_tscfs03 | F76: 1 | G76: 110 | H76: =F76*G76 -> 110 | I76: vg_tscfs03 | J76: 0.0097222222 | K76: 1A/2A/3A/4A/1C/2C/3C/4C
C77: pkvex1008 | D77: pkftsapr2 | E77: Lock Device | F77: 1 | G77: 0.2 | H77: =F77*G77 -> 0.2 | I77: Lock Device | J77: 0F:09 | K77: 1A/2A/3A/4A/1C/2C/3C/4C
C78: pkvex1008 | D78: pkftsapr2 | E78: Lock Device | F78: 1 | G78: 0.2 | H78: =F78*G78 -> 0.2 | I78: Lock Device | J78: 0F:0A | K78: 1A/2A/3A/4A/1C/2C/3C/4C
C79: =VLOOKUP($D$2:$D$171,가상화배치내역!$A$2:$B$335,2,FALSE) -> pkvex1012 | D79: pkftsapr3 | E79: vg_tscfs01 | F79: 1 | G79: 80 | H79: =F79*G79 -> 80 | I79: vg_tscfs01 | J79: 0.0083333333 | K79: 1A/2A/3A/4A/1C/2C/3C/4C
C80: pkvex1012 | D80: pkftsapr3 | E80: vg_tscfs02 | F80: 1 | G80: 102 | H80: =F80*G80 -> 102 | I80: vg_tscfs02 | J80: 0.0090277778 | K80: 1A/2A/3A/4A/1C/2C/3C/4C
C81: pkvex1012 | D81: pkftsapr3 | E81: vg_tscfs03 | F81: 1 | G81: 110 | H81: =F81*G81 -> 110 | I81: vg_tscfs03 | J81: 0.0097222222 | K81: 1A/2A/3A/4A/1C/2C/3C/4C
C82: pkvex1012 | D82: pkftsapr3 | E82: Lock Device | F82: 1 | G82: 0.2 | H82: =F82*G82 -> 0.2 | I82: Lock Device | J82: 0F:09 | K82: 1A/2A/3A/4A/1C/2C/3C/4C
C83: pkvex1012 | D83: pkftsapr3 | E83: Lock Device | F83: 1 | G83: 0.2 | H83: =F83*G83 -> 0.2 | I83: Lock Device | J83: 0F:0A | K83: 1A/2A/3A/4A/1C/2C/3C/4C
C84: =VLOOKUP($D$2:$D$171,가상화배치내역!$A$2:$B$335,2,FALSE) -> pkvex1004 | D84: pkftsapr1 | E84: VVR_vg_ts1fs01 | F84: 1 | G84: 4.7 | H84: =F84*G84 -> 4.7 | I84: vg_ts1fs01 | J84: 10:0F | K84: 1A/2A/3A/4A/1C/2C/3C/4C
C85: =VLOOKUP($D$2:$D$171,가상화배치내역!$A$2:$B$335,2,FALSE) -> pkvex1008 | D85: pkftsapr2 | E85: VVR_vg_ts2fs01 | F85: 1 | G85: 4.7 | H85: =F85*G85 -> 4.7 | I85: vg_ts2fs01 | J85: 10:10 | K85: 1A/2A/3A/4A/1C/2C/3C/4C
C86: =VLOOKUP($D$2:$D$171,가상화배치내역!$A$2:$B$335,2,FALSE) -> pkvex1012 | D86: pkftsapr3 | E86: VVR_vg_ts3fs01 | F86: 1 | G86: 4.7 | H86: =F86*G86 -> 4.7 | I86: vg_ts3fs01 | J86: 10:11 | K86: 1A/2A/3A/4A/1C/2C/3C/4C
C87: =VLOOKUP($D$2:$D$171,가상화배치내역!$A$2:$B$335,2,FALSE) -> pkvex1004 | D87: pkftsapr1 | E87: VVR_vg_tscfs01 | F87: 1 | G87: 9 | H87: =F87*G87 -> 9 | I87: vg_tscfs01 | J87: 10:12 | K87: 1A/2A/3A/4A/1C/2C/3C/4C
C88: pkvex1004 | D88: pkftsapr1 | E88: VVR_vg_tscfs02 | F88: 1 | G88: 11 | H88: =F88*G88 -> 11 | I88: vg_tscfs02 | J88: 10:13 | K88: 1A/2A/3A/4A/1C/2C/3C/4C
C89: pkvex1004 | D89: pkftsapr1 | E89: VVR_vg_tscfs03(제외) | F89: 1 | G89: 10.2 | H89: =F89*G89 -> 10.2 | I89: vg_tscfs03 | J89: 10:14 | K89: 1A/2A/3A/4A/1C/2C/3C/4C
C90: pkvex1004 | D90: pkftsapr1 | E90: Lock Device | F90: 1 | G90: 0.2 | H90: =F90*G90 -> 0.2 | I90: Lock Device | J90: 0F:0B | K90: 1A/2A/3A/4A/1C/2C/3C/4C
C91: =VLOOKUP($D$2:$D$171,가상화배치내역!$A$2:$B$335,2,FALSE) -> pkvex1008 | D91: pkftsapr2 | E91: VVR_vg_tscfs01 | F91: 1 | G91: 9 | H91: =F91*G91 -> 9 | I91: vg_tscfs01 | J91: 10:12 | K91: 1A/2A/3A/4A/1C/2C/3C/4C
C92: pkvex1008 | D92: pkftsapr2 | E92: VVR_vg_tscfs02 | F92: 1 | G92: 11 | H92: =F92*G92 -> 11 | I92: vg_tscfs02 | J92: 10:13 | K92: 1A/2A/3A/4A/1C/2C/3C/4C
C93: pkvex1008 | D93: pkftsapr2 | E93: VVR_vg_tscfs03(제외) | F93: 1 | G93: 10.2 | H93: =F93*G93 -> 10.2 | I93: vg_tscfs03 | J93: 10:14 | K93: 1A/2A/3A/4A/1C/2C/3C/4C
C94: pkvex1008 | D94: pkftsapr2 | E94: Lock Device | F94: 1 | G94: 0.2 | H94: =F94*G94 -> 0.2 | I94: Lock Device | J94: 0F:0B | K94: 1A/2A/3A/4A/1C/2C/3C/4C
C95: =VLOOKUP($D$2:$D$171,가상화배치내역!$A$2:$B$335,2,FALSE) -> pkvex1012 | D95: pkftsapr3 | E95: VVR_vg_tscfs01 | F95: 1 | G95: 9 | H95: =F95*G95 -> 9 | I95: vg_tscfs01 | J95: 10:12 | K95: 1A/2A/3A/4A/1C/2C/3C/4C
C96: pkvex1012 | D96: pkftsapr3 | E96: VVR_vg_tscfs02 | F96: 1 | G96: 11 | H96: =F96*G96 -> 11 | I96: vg_tscfs02 | J96: 10:13 | K96: 1A/2A/3A/4A/1C/2C/3C/4C
C97: pkvex1012 | D97: pkftsapr3 | E97: VVR_vg_tscfs03(제외) | F97: 1 | G97: 10.2 | H97: =F97*G97 -> 10.2 | I97: vg_tscfs03 | J97: 10:14 | K97: 1A/2A/3A/4A/1C/2C/3C/4C
C98: pkvex1012 | D98: pkftsapr3 | E98: Lock Device | F98: 1 | G98: 0.2 | H98: =F98*G98 -> 0.2 | I98: Lock Device | J98: 0F:0B | K98: 1A/2A/3A/4A/1C/2C/3C/4C
C99: =VLOOKUP($D$2:$D$171,가상화배치내역!$A$2:$B$335,2,FALSE) -> #N/A | D99: S-DR-RDMP-LUN195-PKFTSAPR | E99: RDMp | F99: 1 | G99: 1.5 | H99: =F99*G99 -> 1.5 | I99: RDMp | J99: 1F:03 | K99: 1A/2A/3A/4A/1C/2C/3C/4C
A100: DR 파생 매매지원DB | B100: pkvex1007 pkvex1011 | C100: =VLOOKUP($D$2:$D$171,가상화배치내역!$A$2:$B$335,2,FALSE) -> pkvex1007 | D100: pkftsdbr1 | E100: vg_ts1fs01 | F100: 1 | G100: 22 | H100: =F100*G100 -> 22 | I100: vg_ts1fs01 | J100: 0:15 | K100: 1A/2A/3A/4A/1C/2C/3C/4C
...

Sheet 스토리지-가상화현황(정렬) (2)
A1: 가상화 호스트 | B1: 가상화 호스트 | C1: 서버명(Guest) | D1: VG명 | E1: LUN수 | F1: Lun Size | G1: 할당량 | H1: LUN name | I1: LUN Address | J1: 사용 Port
A2: =VLOOKUP($C$2:$C$171,가상화배치내역!$A$2:$B$335,2,FALSE) -> #N/A | B2: #N/A | C2: - | E2: 1 | F2: 1024 | G2: =E2*F2 -> 1024 | I2: 1F:0A | J2: 1D/2D
A3: =VLOOKUP($C$2:$C$171,가상화배치내역!$A$2:$B$335,2,FALSE) -> pkvex1006 | B3: pkvex1006 | C3: pkfchapr1 | D3: vg_ch1fs01 | E3: 1 | F3: 590 | G3: =E3*F3 -> 590 | H3: vg_ch1fs01 | I3: 0 | J3: 1A/2A/3A/4A/1C/2C/3C/4C
A4: =VLOOKUP($C$2:$C$171,가상화배치내역!$A$2:$B$335,2,FALSE) -> pkvex1006 | B4: pkvex1006 | C4: pkfchapr1 | D4: vg_chcfs01 | E4: 1 | F4: 75 | G4: =E4*F4 -> 75 | H4: vg_chcfs01 | I4: 0.0020833333 | J4: 1A/2A/3A/4A/1C/2C/3C/4C
A5: =VLOOKUP($C$2:$C$171,가상화배치내역!$A$2:$B$335,2,FALSE) -> pkvex1006 | B5: pkvex1006 | C5: pkfchapr1 | D5: Lock Device | E5: 1 | F5: 0.2 | G5: =E5*F5 -> 0.2 | H5: Lock Device | I5: 0F:00 | J5: 1A/2A/3A/4A/1C/2C/3C/4C
A6: =VLOOKUP($C$2:$C$171,가상화배치내역!$A$2:$B$335,2,FALSE) -> pkvex1006 | B6: pkvex1006 | C6: pkfchapr1 | D6: Lock Device | E6: 1 | F6: 0.2 | G6: =E6*F6 -> 0.2 | H6: Lock Device | I6: 0F:01 | J6: 1A/2A/3A/4A/1C/2C/3C/4C
A7: =VLOOKUP($C$2:$C$171,가상화배치내역!$A$2:$B$335,2,FALSE) -> pkvex1006 | B7: pkvex1006 | C7: pkfchapr1 | D7: Lock Device | E7: 1 | F7: 0.2 | G7: =E7*F7 -> 0.2 | H7: Lock Device | I7: 0F:02 | J7: 1A/2A/3A/4A/1C/2C/3C/4C
A8: =VLOOKUP($C$2:$C$171,가상화배치내역!$A$2:$B$335,2,FALSE) -> pkvex1006 | B8: pkvex1006 | C8: pkfchapr1 | D8: VVR_vg_ch1fs01 | E8: 1 | F8: 59 | G8: =E8*F8 -> 59 | H8: vg_ch1fs01 | I8: 10:00 | J8: 1A/2A/3A/4A/1C/2C/3C/4C
A9: =VLOOKUP($C$2:$C$171,가상화배치내역!$A$2:$B$335,2,FALSE) -> pkvex1006 | B9: pkvex1006 | C9: pkfchapr1 | D9: VVR_vg_chcfs01 | E9: 1 | F9: 7.5 | G9: =E9*F9 -> 7.5 | H9: vg_chcfs01 | I9: 10:03 | J9: 1A/2A/3A/4A/1C/2C/3C/4C
A10: pkvex1010 | B10: pkvex1010 | C10: pkfchapr2 | D10: vg_ch2fs01 | E10: 1 | F10: 590 | G10: =E10*F10 -> 590 | H10: vg_ch2fs01 | I10: 0.00069444444 | J10: 1A/2A/3A/4A/1C/2C/3C/4C
A11: pkvex1010 | B11: pkvex1010 | C11: pkfchapr2 | D11: vg_chcfs01 | E11: 1 | F11: 75 | G11: =E11*F11 -> 75 | H11: vg_chcfs01 | I11: 0.0020833333 | J11: 1A/2A/3A/4A/1C/2C/3C/4C
A12: pkvex1010 | B12: pkvex1010 | C12: pkfchapr2 | D12: Lock Device | E12: 1 | F12: 0.2 | G12: =E12*F12 -> 0.2 | H12: Lock Device | I12: 0F:00 | J12: 1A/2A/3A/4A/1C/2C/3C/4C
A13: =VLOOKUP($C$2:$C$171,가상화배치내역!$A$2:$B$335,2,FALSE) -> pkvex1010 | B13: pkvex1010 | C13: pkfchapr2 | D13: Lock Device | E13: 1 | F13: 0.2 | G13: =E13*F13 -> 0.2 | H13: Lock Device | I13: 0F:01 | J13: 1A/2A/3A/4A/1C/2C/3C/4C
A14: pkvex1014 | B14: pkvex1010 | C14: pkfchapr2 | D14: Lock Device | E14: 1 | F14: 0.2 | G14: =E14*F14 -> 0.2 | H14: Lock Device | I14: 0F:02 | J14: 1A/2A/3A/4A/1C/2C/3C/4C
A15: pkvex1014 | B15: pkvex1010 | C15: pkfchapr2 | D15: VVR_vg_ch2fs01 | E15: 1 | F15: 59 | G15: =E15*F15 -> 59 | H15: vg_ch2fs01 | I15: 10:01 | J15: 1A/2A/3A/4A/1C/2C/3C/4C
A16: pkvex1014 | B16: pkvex1010 | C16: pkfchapr2 | D16: VVR_vg_chcfs01 | E16: 1 | F16: 7.5 | G16: =E16*F16 -> 7.5 | H16: vg_chcfs01 | I16: 10:03 | J16: 1A/2A/3A/4A/1C/2C/3C/4C
A17: =VLOOKUP($C$2:$C$171,가상화배치내역!$A$2:$B$335,2,FALSE) -> pkvex1014 | B17: pkvex1014 | C17: pkfchapr3 | D17: vg_ch3fs01 | E17: 1 | F17: 590 | G17: =E17*F17 -> 590 | H17: vg_ch3fs01 | I17: 0.0013888889 | J17: 1A/2A/3A/4A/1C/2C/3C/4C
A18: =VLOOKUP($C$2:$C$171,가상화배치내역!$A$2:$B$335,2,FALSE) -> pkvex1014 | B18: pkvex1014 | C18: pkfchapr3 | D18: vg_chcfs01 | E18: 1 | F18: 75 | G18: =E18*F18 -> 75 | H18: vg_chcfs01 | I18: 0.0020833333 | J18: 1A/2A/3A/4A/1C/2C/3C/4C
A19: =VLOOKUP($C$2:$C$171,가상화배치내역!$A$2:$B$335,2,FALSE) -> pkvex1014 | B19: pkvex1014 | C19: pkfchapr3 | D19: Lock Device | E19: 1 | F19: 0.2 | G19: =E19*F19 -> 0.2 | H19: Lock Device | I19: 0F:00 | J19: 1A/2A/3A/4A/1C/2C/3C/4C
A20: =VLOOKUP($C$2:$C$171,가상화배치내역!$A$2:$B$335,2,FALSE) -> pkvex1014 | B20: pkvex1014 | C20: pkfchapr3 | D20: Lock Device | E20: 1 | F20: 0.2 | G20: =E20*F20 -> 0.2 | H20: Lock Device | I20: 0F:01 | J20: 1A/2A/3A/4A/1C/2C/3C/4C
A21: =VLOOKUP($C$2:$C$171,가상화배치내역!$A$2:$B$335,2,FALSE) -> pkvex1014 | B21: pkvex1014 | C21: pkfchapr3 | D21: Lock Device | E21: 1 | F21: 0.2 | G21: =E21*F21 -> 0.2 | H21: Lock Device | I21: 0F:02 | J21: 1A/2A/3A/4A/1C/2C/3C/4C
A22: =VLOOKUP($C$2:$C$171,가상화배치내역!$A$2:$B$335,2,FALSE) -> pkvex1014 | B22: pkvex1014 | C22: pkfchapr3 | D22: VVR_vg_ch3fs01 | E22: 1 | F22: 59 | G22: =E22*F22 -> 59 | H22: vg_ch3fs01 | I22: 10:02 | J22: 1A/2A/3A/4A/1C/2C/3C/4C
A23: =VLOOKUP($C$2:$C$171,가상화배치내역!$A$2:$B$335,2,FALSE) -> pkvex1014 | B23: pkvex1014 | C23: pkfchapr3 | D23: VVR_vg_chcfs01 | E23: 1 | F23: 7.5 | G23: =E23*F23 -> 7.5 | H23: vg_chcfs01 | I23: 10:03 | J23: 1A/2A/3A/4A/1C/2C/3C/4C
A24: =VLOOKUP($C$2:$C$171,가상화배치내역!$A$2:$B$335,2,FALSE) -> pkvex1003 | B24: pkvex1003 | C24: pkftrapr1 | D24: vg_tr1fs01 | E24: 1 | F24: 50 | G24: =E24*F24 -> 50 | H24: vg_me1fs01 | I24: 0.0027777778 | J24: 1A/2A/3A/4A/1C/2C/3C/4C
A25: =VLOOKUP($C$2:$C$171,가상화배치내역!$A$2:$B$335,2,FALSE) -> pkvex1003 | B25: pkvex1003 | C25: pkftrapr1 | D25: vg_trcfs01 | E25: 1 | F25: 90 | G25: =E25*F25 -> 90 | H25: vg_mecfs01 | I25: 0.0048611111 | J25: 1A/2A/3A/4A/1C/2C/3C/4C
A26: =VLOOKUP($C$2:$C$171,가상화배치내역!$A$2:$B$335,2,FALSE) -> pkvex1003 | B26: pkvex1003 | C26: pkftrapr1 | D26: vg_trcfs02 | E26: 1 | F26: 110 | G26: =E26*F26 -> 110 | H26: vg_mecfs03 | I26: 0.0055555556 | J26: 1A/2A/3A/4A/1C/2C/3C/4C
A27: pkvex1003 | B27: pkvex1003 | C27: pkftrapr1 | D27: Lock Device | E27: 1 | F27: 0.2 | G27: =E27*F27 -> 0.2 | H27: Lock Device | I27: 0F:03 | J27: 1A/2A/3A/4A/1C/2C/3C/4C
A28: pkvex1003 | B28: pkvex1003 | C28: pkftrapr1 | D28: Lock Device | E28: 1 | F28: 0.2 | G28: =E28*F28 -> 0.2 | H28: Lock Device | I28: 0F:04 | J28: 1A/2A/3A/4A/1C/2C/3C/4C
A29: pkvex1003 | B29: pkvex1003 | C29: pkftrapr1 | D29: Lock Device | E29: 1 | F29: 0.2 | G29: =E29*F29 -> 0.2 | H29: Lock Device | I29: 0F:05 | J29: 1A/2A/3A/4A/1C/2C/3C/4C
A30: pkvex1003 | B30: pkvex1003 | C30: pkftrapr1 | D30: vg_tr1fs01 | E30: 1 | F30: 4.7 | G30: =E30*F30 -> 4.7 | H30: vg_me1fs01 | I30: 10:04 | J30: 1A/2A/3A/4A/1C/2C/3C/4C
A31: =VLOOKUP($C$2:$C$171,가상화배치내역!$A$2:$B$335,2,FALSE) -> pkvex1003 | B31: pkvex1003 | C31: pkftrapr1 | D31: vg_trcfs01 | E31: 1 | F31: 9 | G31: =E31*F31 -> 9 | H31: vg_trcfs01 | I31: 10:07 | J31: 1A/2A/3A/4A/1C/2C/3C/4C
A32: pkvex1013 | B32: pkvex1003 | C32: pkftrapr1 | D32: vg_trcfs02 | E32: 1 | F32: 10.2 | G32: =E32*F32 -> 10.2 | H32: vg_mecfs03 | I32: 10:08 | J32: 1A/2A/3A/4A/1C/2C/3C/4C
A33: pkvex1013 | B33: pkvex1013 | C33: pkftrapr2 | D33: vg_tr2fs01 | E33: 1 | F33: 50 | G33: =E33*F33 -> 50 | H33: vg_me2fs01 | I33: 0.0034722222 | J33: 1A/2A/3A/4A/1C/2C/3C/4C
A34: pkvex1013 | B34: pkvex1013 | C34: pkftrapr2 | D34: vg_trcfs01 | E34: 1 | F34: 90 | G34: =E34*F34 -> 90 | H34: vg_mecfs01 | I34: 0.0048611111 | J34: 1A/2A/3A/4A/1C/2C/3C/4C
A35: pkvex1013 | B35: pkvex1013 | C35: pkftrapr2 | D35: vg_trcfs02 | E35: 1 | F35: 110 | G35: =E35*F35 -> 110 | H35: vg_mecfs03 | I35: 0.0055555556 | J35: 1A/2A/3A/4A/1C/2C/3C/4C
A36: =VLOOKUP($C$2:$C$171,가상화배치내역!$A$2:$B$335,2,FALSE) -> pkvex1013 | B36: pkvex1013 | C36: pkftrapr2 | D36: Lock Device | E36: 1 | F36: 0.2 | G36: =E36*F36 -> 0.2 | H36: Lock Device | I36: 0F:03 | J36: 1A/2A/3A/4A/1C/2C/3C/4C
A37: =VLOOKUP($C$2:$C$171,가상화배치내역!$A$2:$B$335,2,FALSE) -> pkvex1013 | B37: pkvex1013 | C37: pkftrapr2 | D37: Lock Device | E37: 1 | F37: 0.2 | G37: =E37*F37 -> 0.2 | H37: Lock Device | I37: 0F:04 | J37: 1A/2A/3A/4A/1C/2C/3C/4C
A38: =VLOOKUP($C$2:$C$171,가상화배치내역!$A$2:$B$335,2,FALSE) -> pkvex1013 | B38: pkvex1013 | C38: pkftrapr2 | D38: Lock Device | E38: 1 | F38: 0.2 | G38: =E38*F38 -> 0.2 | H38: Lock Device | I38: 0F:05 | J38: 1A/2A/3A/4A/1C/2C/3C/4C
A39: pkvex1003 | B39: pkvex1013 | C39: pkftrapr2 | D39: vg_tr2fs01 | E39: 1 | F39: 4.7 | G39: =E39*F39 -> 4.7 | H39: vg_me2fs01 | I39: 10:05 | J39: 1A/2A/3A/4A/1C/2C/3C/4C
A40: =VLOOKUP($C$2:$C$171,가상화배치내역!$A$2:$B$335,2,FALSE) -> pkvex1013 | B40: pkvex1013 | C40: pkftrapr2 | D40: vg_trcfs01 | E40: 1 | F40: 9 | G40: =E40*F40 -> 9 | H40: vg_trcfs01 | I40: 10:07 | J40: 1A/2A/3A/4A/1C/2C/3C/4C
A41: pkvex1013 | B41: pkvex1013 | C41: pkftrapr2 | D41: vg_trcfs02 | E41: 1 | F41: 10.2 | G41: =E41*F41 -> 10.2 | H41: vg_mecfs03 | I41: 10:08 | J41: 1A/2A/3A/4A/1C/2C/3C/4C
A42: =VLOOKUP($C$2:$C$171,가상화배치내역!$A$2:$B$335,2,FALSE) -> pkvex1005 | B42: pkvex1005 | C42: pkftrapr3 | D42: vg_tr4fs01 | E42: 1 | F42: 50 | G42: =E42*F42 -> 50 | H42: vg_me1fs01 | I42: 0.00625 | J42: 1A/2A/3A/4A/1C/2C/3C/4C
A43: =VLOOKUP($C$2:$C$171,가상화배치내역!$A$2:$B$335,2,FALSE) -> pkvex1005 | B43: pkvex1005 | C43: pkftrapr3 | D43: vg_trcfs01 | E43: 1 | F43: 45 | G43: =E43*F43 -> 45 | H43: vg_mecfs01 | I43: 0:0C | J43: 1A/2A/3A/4A/1C/2C/3C/4C
A44: =VLOOKUP($C$2:$C$171,가상화배치내역!$A$2:$B$335,2,FALSE) -> pkvex1005 | B44: pkvex1005 | C44: pkftrapr3 | D44: vg_trcfs02 | E44: 1 | F44: 7 | G44: =E44*F44 -> 7 | H44: vg_mecfs02 | I44: 0:0D | J44: 1A/2A/3A/4A/1C/2C/3C/4C
A45: =VLOOKUP($C$2:$C$171,가상화배치내역!$A$2:$B$335,2,FALSE) -> pkvex1005 | B45: pkvex1005 | C45: pkftrapr3 | D45: vg_trcfs03 | E45: 1 | F45: 110 | G45: =E45*F45 -> 110 | H45: vg_mecfs03 | I45: 0:0E | J45: 1A/2A/3A/4A/1C/2C/3C/4C
A46: pkvex1005 | B46: pkvex1005 | C46: pkftrapr3 | D46: Lock Device | E46: 1 | F46: 0.2 | G46: =E46*F46 -> 0.2 | H46: Lock Device | I46: 0F:06 | J46: 1A/2A/3A/4A/1C/2C/3C/4C
A47: pkvex1005 | B47: pkvex1005 | C47: pkftrapr3 | D47: Lock Device | E47: 1 | F47: 0.2 | G47: =E47*F47 -> 0.2 | H47: Lock Device | I47: 0F:07 | J47: 1A/2A/3A/4A/1C/2C/3C/4C
A48: pkvex1005 | B48: pkvex1005 | C48: pkftrapr3 | D48: Lock Device | E48: 1 | F48: 0.2 | G48: =E48*F48 -> 0.2 | H48: Lock Device | I48: 0F:08 | J48: 1A/2A/3A/4A/1C/2C/3C/4C
A49: pkvex1005 | B49: pkvex1005 | C49: pkftrapr3 | D49: VVR_vg_tr4fs01 | E49: 1 | F49: 4.7 | G49: =E49*F49 -> 4.7 | H49: vg_me1fs01 | I49: 10:09 | J49: 1A/2A/3A/4A/1C/2C/3C/4C
A50: pkvex1005 | B50: pkvex1005 | C50: pkftrapr3 | D50: VVR_vg_trcfs01 | E50: 1 | F50: 4.2 | G50: =E50*F50 -> 4.2 | H50: vg_mecfs01 | I50: 10:0C | J50: 1A/2A/3A/4A/1C/2C/3C/4C
A51: =VLOOKUP($C$2:$C$171,가상화배치내역!$A$2:$B$335,2,FALSE) -> pkvex1005 | B51: pkvex1005 | C51: pkftrapr3 | D51: VVR_vg_trcfs02 | E51: 1 | F51: 1 | G51: =E51*F51 -> 1 | H51: vg_trcfs02 | I51: 10:0D | J51: 1A/2A/3A/4A/1C/2C/3C/4C
A52: pkvex1009 | B52: pkvex1005 | C52: pkftrapr3 | D52: VVR_vg_trcfs03(제외) | E52: 1 | F52: 10.2 | G52: =E52*F52 -> 10.2 | H52: vg_mecfs03 | I52: 10:0E | J52: 1A/2A/3A/4A/1C/2C/3C/4C
A53: pkvex1009 | B53: pkvex1009 | C53: pkftrapr4 | D53: vg_tr5fs01 | E53: 1 | F53: 50 | G53: =E53*F53 -> 50 | H53: vg_me2fs01 | I53: 0:0A | J53: 1A/2A/3A/4A/1C/2C/3C/4C
A54: pkvex1009 | B54: pkvex1009 | C54: pkftrapr4 | D54: vg_trcfs01 | E54: 1 | F54: 45 | G54: =E54*F54 -> 45 | H54: vg_mecfs01 | I54: 0:0C | J54: 1A/2A/3A/4A/1C/2C/3C/4C
A55: pkvex1009 | B55: pkvex1009 | C55: pkftrapr4 | D55: vg_trcfs02 | E55: 1 | F55: 7 | G55: =E55*F55 -> 7 | H55: vg_mecfs02 | I55: 0:0D | J55: 1A/2A/3A/4A/1C/2C/3C/4C
A56: pkvex1009 | B56: pkvex1009 | C56: pkftrapr4 | D56: vg_trcfs03 | E56: 1 | F56: 110 | G56: =E56*F56 -> 110 | H56: vg_mecfs03 | I56: 0:0E | J56: 1A/2A/3A/4A/1C/2C/3C/4C
A57: =VLOOKUP($C$2:$C$171,가상화배치내역!$A$2:$B$335,2,FALSE) -> pkvex1009 | B57: pkvex1009 | C57: pkftrapr4 | D57: Lock Device | E57: 1 | F57: 0.2 | G57: =E57*F57 -> 0.2 | H57: Lock Device | I57: 0F:06 | J57: 1A/2A/3A/4A/1C/2C/3C/4C
A58: =VLOOKUP($C$2:$C$171,가상화배치내역!$A$2:$B$335,2,FALSE) -> pkvex1009 | B58: pkvex1009 | C58: pkftrapr4 | D58: Lock Device | E58: 1 | F58: 0.2 | G58: =E58*F58 -> 0.2 | H58: Lock Device | I58: 0F:07 | J58: 1A/2A/3A/4A/1C/2C/3C/4C
A59: =VLOOKUP($C$2:$C$171,가상화배치내역!$A$2:$B$335,2,FALSE) -> pkvex1009 | B59: pkvex1009 | C59: pkftrapr4 | D59: Lock Device | E59: 1 | F59: 0.2 | G59: =E59*F59 -> 0.2 | H59: Lock Device | I59: 0F:08 | J59: 1A/2A/3A/4A/1C/2C/3C/4C
A60: pkvex1005 | B60: pkvex1009 | C60: pkftrapr4 | D60: VVR_vg_tr5fs01 | E60: 1 | F60: 4.7 | G60: =E60*F60 -> 4.7 | H60: vg_me2fs01 | I60: 10:0A | J60: 1A/2A/3A/4A/1C/2C/3C/4C
A61: pkvex1005 | B61: pkvex1009 | C61: pkftrapr4 | D61: VVR_vg_trcfs01 | E61: 1 | F61: 4.2 | G61: =E61*F61 -> 4.2 | H61: vg_mecfs01 | I61: 10:0C | J61: 1A/2A/3A/4A/1C/2C/3C/4C
A62: =VLOOKUP($C$2:$C$171,가상화배치내역!$A$2:$B$335,2,FALSE) -> pkvex1009 | B62: pkvex1009 | C62: pkftrapr4 | D62: VVR_vg_trcfs02 | E62: 1 | F62: 1 | G62: =E62*F62 -> 1 | H62: vg_trcfs02 | I62: 10:0D | J62: 1A/2A/3A/4A/1C/2C/3C/4C
A63: pkvex1009 | B63: pkvex1009 | C63: pkftrapr4 | D63: VVR_vg_trcfs03(제외) | E63: 1 | F63: 10.2 | G63: =E63*F63 -> 10.2 | H63: vg_mecfs03 | I63: 10:0E | J63: 1A/2A/3A/4A/1C/2C/3C/4C
A64: pkvex1009 | B64: pkvex1004 | C64: pkftsapr1 | D64: vg_ts1fs01 | E64: 1 | F64: 50 | G64: =E64*F64 -> 50 | H64: vg_ts1fs01 | I64: 0:0F | J64: 1A/2A/3A/4A/1C/2C/3C/4C
A65: =VLOOKUP($C$2:$C$171,가상화배치내역!$A$2:$B$335,2,FALSE) -> pkvex1004 | B65: pkvex1004 | C65: pkftsapr1 | D65: vg_tscfs01 | E65: 1 | F65: 80 | G65: =E65*F65 -> 80 | H65: vg_tscfs01 | I65: 0.0083333333 | J65: 1A/2A/3A/4A/1C/2C/3C/4C
A66: =VLOOKUP($C$2:$C$171,가상화배치내역!$A$2:$B$335,2,FALSE) -> pkvex1004 | B66: pkvex1004 | C66: pkftsapr1 | D66: vg_tscfs02 | E66: 1 | F66: 102 | G66: =E66*F66 -> 102 | H66: vg_tscfs02 | I66: 0.0090277778 | J66: 1A/2A/3A/4A/1C/2C/3C/4C
A67: =VLOOKUP($C$2:$C$171,가상화배치내역!$A$2:$B$335,2,FALSE) -> pkvex1004 | B67: pkvex1004 | C67: pkftsapr1 | D67: vg_tscfs03 | E67: 1 | F67: 110 | G67: =E67*F67 -> 110 | H67: vg_tscfs03 | I67: 0.0097222222 | J67: 1A/2A/3A/4A/1C/2C/3C/4C
A68: =VLOOKUP($C$2:$C$171,가상화배치내역!$A$2:$B$335,2,FALSE) -> pkvex1004 | B68: pkvex1004 | C68: pkftsapr1 | D68: Lock Device | E68: 1 | F68: 0.2 | G68: =E68*F68 -> 0.2 | H68: Lock Device | I68: 0F:09 | J68: 1A/2A/3A/4A/1C/2C/3C/4C
A69: =VLOOKUP($C$2:$C$171,가상화배치내역!$A$2:$B$335,2,FALSE) -> pkvex1004 | B69: pkvex1004 | C69: pkftsapr1 | D69: Lock Device | E69: 1 | F69: 0.2 | G69: =E69*F69 -> 0.2 | H69: Lock Device | I69: 0F:0A | J69: 1A/2A/3A/4A/1C/2C/3C/4C
A70: pkvex1004 | B70: pkvex1004 | C70: pkftsapr1 | D70: VVR_vg_ts1fs01 | E70: 1 | F70: 4.7 | G70: =E70*F70 -> 4.7 | H70: vg_ts1fs01 | I70: 10:0F | J70: 1A/2A/3A/4A/1C/2C/3C/4C
A71: pkvex1004 | B71: pkvex1004 | C71: pkftsapr1 | D71: VVR_vg_tscfs01 | E71: 1 | F71: 9 | G71: =E71*F71 -> 9 | H71: vg_tscfs01 | I71: 10:12 | J71: 1A/2A/3A/4A/1C/2C/3C/4C
A72: pkvex1004 | B72: pkvex1004 | C72: pkftsapr1 | D72: VVR_vg_tscfs02 | E72: 1 | F72: 11 | G72: =E72*F72 -> 11 | H72: vg_tscfs02 | I72: 10:13 | J72: 1A/2A/3A/4A/1C/2C/3C/4C
A73: pkvex1004 | B73: pkvex1004 | C73: pkftsapr1 | D73: VVR_vg_tscfs03(제외) | E73: 1 | F73: 10.2 | G73: =E73*F73 -> 10.2 | H73: vg_tscfs03 | I73: 10:14 | J73: 1A/2A/3A/4A/1C/2C/3C/4C
A74: =VLOOKUP($C$2:$C$171,가상화배치내역!$A$2:$B$335,2,FALSE) -> pkvex1004 | B74: pkvex1004 | C74: pkftsapr1 | D74: Lock Device | E74: 1 | F74: 0.2 | G74: =E74*F74 -> 0.2 | H74: Lock Device | I74: 0F:0B | J74: 1A/2A/3A/4A/1C/2C/3C/4C
A75: pkvex1008 | B75: pkvex1008 | C75: pkftsapr2 | D75: vg_ts2fs01 | E75: 1 | F75: 50 | G75: =E75*F75 -> 50 | H75: vg_ts2fs01 | I75: 0.0069444444 | J75: 1A/2A/3A/4A/1C/2C/3C/4C
A76: pkvex1008 | B76: pkvex1008 | C76: pkftsapr2 | D76: vg_tscfs01 | E76: 1 | F76: 80 | G76: =E76*F76 -> 80 | H76: vg_tscfs01 | I76: 0.0083333333 | J76: 1A/2A/3A/4A/1C/2C/3C/4C
A77: pkvex1008 | B77: pkvex1008 | C77: pkftsapr2 | D77: vg_tscfs02 | E77: 1 | F77: 102 | G77: =E77*F77 -> 102 | H77: vg_tscfs02 | I77: 0.0090277778 | J77: 1A/2A/3A/4A/1C/2C/3C/4C
A78: pkvex1008 | B78: pkvex1008 | C78: pkftsapr2 | D78: vg_tscfs03 | E78: 1 | F78: 110 | G78: =E78*F78 -> 110 | H78: vg_tscfs03 | I78: 0.0097222222 | J78: 1A/2A/3A/4A/1C/2C/3C/4C
A79: =VLOOKUP($C$2:$C$171,가상화배치내역!$A$2:$B$335,2,FALSE) -> pkvex1008 | B79: pkvex1008 | C79: pkftsapr2 | D79: Lock Device | E79: 1 | F79: 0.2 | G79: =E79*F79 -> 0.2 | H79: Lock Device | I79: 0F:09 | J79: 1A/2A/3A/4A/1C/2C/3C/4C
A80: pkvex1012 | B80: pkvex1008 | C80: pkftsapr2 | D80: Lock Device | E80: 1 | F80: 0.2 | G80: =E80*F80 -> 0.2 | H80: Lock Device | I80: 0F:0A | J80: 1A/2A/3A/4A/1C/2C/3C/4C
A81: pkvex1012 | B81: pkvex1008 | C81: pkftsapr2 | D81: VVR_vg_ts2fs01 | E81: 1 | F81: 4.7 | G81: =E81*F81 -> 4.7 | H81: vg_ts2fs01 | I81: 10:10 | J81: 1A/2A/3A/4A/1C/2C/3C/4C
A82: pkvex1012 | B82: pkvex1008 | C82: pkftsapr2 | D82: VVR_vg_tscfs01 | E82: 1 | F82: 9 | G82: =E82*F82 -> 9 | H82: vg_tscfs01 | I82: 10:12 | J82: 1A/2A/3A/4A/1C/2C/3C/4C
A83: pkvex1012 | B83: pkvex1008 | C83: pkftsapr2 | D83: VVR_vg_tscfs02 | E83: 1 | F83: 11 | G83: =E83*F83 -> 11 | H83: vg_tscfs02 | I83: 10:13 | J83: 1A/2A/3A/4A/1C/2C/3C/4C
A84: =VLOOKUP($C$2:$C$171,가상화배치내역!$A$2:$B$335,2,FALSE) -> pkvex1008 | B84: pkvex1008 | C84: pkftsapr2 | D84: VVR_vg_tscfs03(제외) | E84: 1 | F84: 10.2 | G84: =E84*F84 -> 10.2 | H84: vg_tscfs03 | I84: 10:14 | J84: 1A/2A/3A/4A/1C/2C/3C/4C
A85: =VLOOKUP($C$2:$C$171,가상화배치내역!$A$2:$B$335,2,FALSE) -> pkvex1008 | B85: pkvex1008 | C85: pkftsapr2 | D85: Lock Device | E85: 1 | F85: 0.2 | G85: =E85*F85 -> 0.2 | H85: Lock Device | I85: 0F:0B | J85: 1A/2A/3A/4A/1C/2C/3C/4C
A86: =VLOOKUP($C$2:$C$171,가상화배치내역!$A$2:$B$335,2,FALSE) -> pkvex1012 | B86: pkvex1012 | C86: pkftsapr3 | D86: vg_ts3fs01 | E86: 1 | F86: 50 | G86: =E86*F86 -> 50 | H86: vg_ts3fs01 | I86: 0.0076388889 | J86: 1A/2A/3A/4A/1C/2C/3C/4C
A87: =VLOOKUP($C$2:$C$171,가상화배치내역!$A$2:$B$335,2,FALSE) -> pkvex1012 | B87: pkvex1012 | C87: pkftsapr3 | D87: vg_tscfs01 | E87: 1 | F87: 80 | G87: =E87*F87 -> 80 | H87: vg_tscfs01 | I87: 0.0083333333 | J87: 1A/2A/3A/4A/1C/2C/3C/4C
A88: pkvex1004 | B88: pkvex1012 | C88: pkftsapr3 | D88: vg_tscfs02 | E88: 1 | F88: 102 | G88: =E88*F88 -> 102 | H88: vg_tscfs02 | I88: 0.0090277778 | J88: 1A/2A/3A/4A/1C/2C/3C/4C
A89: pkvex1004 | B89: pkvex1012 | C89: pkftsapr3 | D89: vg_tscfs03 | E89: 1 | F89: 110 | G89: =E89*F89 -> 110 | H89: vg_tscfs03 | I89: 0.0097222222 | J89: 1A/2A/3A/4A/1C/2C/3C/4C
A90: pkvex1004 | B90: pkvex1012 | C90: pkftsapr3 | D90: Lock Device | E90: 1 | F90: 0.2 | G90: =E90*F90 -> 0.2 | H90: Lock Device | I90: 0F:09 | J90: 1A/2A/3A/4A/1C/2C/3C/4C
A91: =VLOOKUP($C$2:$C$171,가상화배치내역!$A$2:$B$335,2,FALSE) -> pkvex1012 | B91: pkvex1012 | C91: pkftsapr3 | D91: Lock Device | E91: 1 | F91: 0.2 | G91: =E91*F91 -> 0.2 | H91: Lock Device | I91: 0F:0A | J91: 1A/2A/3A/4A/1C/2C/3C/4C
A92: pkvex1008 | B92: pkvex1012 | C92: pkftsapr3 | D92: VVR_vg_ts3fs01 | E92: 1 | F92: 4.7 | G92: =E92*F92 -> 4.7 | H92: vg_ts3fs01 | I92: 10:11 | J92: 1A/2A/3A/4A/1C/2C/3C/4C
A93: pkvex1008 | B93: pkvex1012 | C93: pkftsapr3 | D93: VVR_vg_tscfs01 | E93: 1 | F93: 9 | G93: =E93*F93 -> 9 | H93: vg_tscfs01 | I93: 10:12 | J93: 1A/2A/3A/4A/1C/2C/3C/4C
A94: pkvex1008 | B94: pkvex1012 | C94: pkftsapr3 | D94: VVR_vg_tscfs02 | E94: 1 | F94: 11 | G94: =E94*F94 -> 11 | H94: vg_tscfs02 | I94: 10:13 | J94: 1A/2A/3A/4A/1C/2C/3C/4C
A95: =VLOOKUP($C$2:$C$171,가상화배치내역!$A$2:$B$335,2,FALSE) -> pkvex1012 | B95: pkvex1012 | C95: pkftsapr3 | D95: VVR_vg_tscfs03(제외) | E95: 1 | F95: 10.2 | G95: =E95*F95 -> 10.2 | H95: vg_tscfs03 | I95: 10:14 | J95: 1A/2A/3A/4A/1C/2C/3C/4C
A96: pkvex1012 | B96: pkvex1012 | C96: pkftsapr3 | D96: Lock Device | E96: 1 | F96: 0.2 | G96: =E96*F96 -> 0.2 | H96: Lock Device | I96: 0F:0B | J96: 1A/2A/3A/4A/1C/2C/3C/4C
A97: pkvex1012 | B97: pkvex1007 | C97: pkftsdbr1 | D97: vg_ts1fs01 | E97: 1 | F97: 22 | G97: =E97*F97 -> 22 | H97: vg_ts1fs01 | I97: 0:15 | J97: 1A/2A/3A/4A/1C/2C/3C/4C
A98: pkvex1012 | B98: pkvex1007 | C98: pkftsdbr1 | D98: vg_tscfs01 | E98: 1 | F98: 700 | G98: =E98*F98 -> 700 | H98: vg_tscfs01 | I98: 0:17 | J98: 1A/2A/3A/4A/1C/2C/3C/4C
A99: =VLOOKUP($C$2:$C$171,가상화배치내역!$A$2:$B$335,2,FALSE) -> pkvex1007 | B99: pkvex1007 | C99: pkftsdbr1 | D99: vg_tscfs01 | E99: 1 | F99: 700 | G99: =E99*F99 -> 700 | H99: vg_tscfs01 | I99: 0:18 | J99: 1A/2A/3A/4A/1C/2C/3C/4C
A100: =VLOOKUP($C$2:$C$171,가상화배치내역!$A$2:$B$335,2,FALSE) -> pkvex1007 | B100: pkvex1007 | C100: pkftsdbr1 | D100: vg_tssys02 | E100: 1 | F100: 35 | G100: =E100*F100 -> 35 | H100: vg_tssys02 | I100: 0:25 | J100: 1A/2A/3A/4A/1C/2C/3C/4C
...

Sheet 스토리지_가상화현황(정렬완료)
B1: 가상화 호스트 | C1: 가상화호스트 LUN정보 | E1: Guest LUN정보 | H1: 서버명(Guest) | I1: VG명 | J1: LUN수 | K1: Lun Size | L1: 할당량 | M1: LUN name | N1: LUN ADDR | O1: 사용Port
A2: 가상화 호스트 | C2: DataStore NO | D2: Size(GB) | E2: LUN NO | F2: Size(GB) | G2: Location
A3: =VLOOKUP($H$3:$H$172,가상화배치내역!$A$2:$B$335,2,FALSE) -> #N/A | B3: #N/A | H3: - | J3: 1 | K3: 1024 | L3: =J3*K3 -> 1024 | N3: 1F:0A | O3: 1D/2D
A4: =VLOOKUP($H$3:$H$172,가상화배치내역!$A$2:$B$335,2,FALSE) -> pkvex1006 | B4: pkvex1006 | H4: pkfchapr1 | I4: vg_ch1fs01 | J4: 1 | K4: 590 | L4: =J4*K4 -> 590 | M4: vg_ch1fs01 | N4: 0 | O4: 1A/2A/3A/4A/1C/2C/3C/4C
A5: =VLOOKUP($H$3:$H$172,가상화배치내역!$A$2:$B$335,2,FALSE) -> #N/A | I5: vg_chcfs01 | J5: 1 | K5: 75 | L5: =J5*K5 -> 75 | M5: vg_chcfs01 | N5: 0.0020833333 | O5: 1A/2A/3A/4A/1C/2C/3C/4C
A6: =VLOOKUP($H$3:$H$172,가상화배치내역!$A$2:$B$335,2,FALSE) -> #N/A | I6: Lock Device | J6: 1 | K6: 0.2 | L6: =J6*K6 -> 0.2 | M6: Lock Device | N6: 0F:00 | O6: 1A/2A/3A/4A/1C/2C/3C/4C
A7: =VLOOKUP($H$3:$H$172,가상화배치내역!$A$2:$B$335,2,FALSE) -> #N/A | I7: Lock Device | J7: 1 | K7: 0.2 | L7: =J7*K7 -> 0.2 | M7: Lock Device | N7: 0F:01 | O7: 1A/2A/3A/4A/1C/2C/3C/4C
A8: =VLOOKUP($H$3:$H$172,가상화배치내역!$A$2:$B$335,2,FALSE) -> #N/A | I8: Lock Device | J8: 1 | K8: 0.2 | L8: =J8*K8 -> 0.2 | M8: Lock Device | N8: 0F:02 | O8: 1A/2A/3A/4A/1C/2C/3C/4C
A9: =VLOOKUP($H$3:$H$172,가상화배치내역!$A$2:$B$335,2,FALSE) -> #N/A | I9: VVR_vg_ch1fs01 | J9: 1 | K9: 59 | L9: =J9*K9 -> 59 | M9: vg_ch1fs01 | N9: 10:00 | O9: 1A/2A/3A/4A/1C/2C/3C/4C
A10: =VLOOKUP($H$3:$H$172,가상화배치내역!$A$2:$B$335,2,FALSE) -> #N/A | I10: VVR_vg_chcfs01 | J10: 1 | K10: 7.5 | L10: =J10*K10 -> 7.5 | M10: vg_chcfs01 | N10: 10:03 | O10: 1A/2A/3A/4A/1C/2C/3C/4C
A11: pkvex1010 | B11: pkvex1010 | H11: pkfchapr2 | I11: vg_ch2fs01 | J11: 1 | K11: 590 | L11: =J11*K11 -> 590 | M11: vg_ch2fs01 | N11: 0.00069444444 | O11: 1A/2A/3A/4A/1C/2C/3C/4C
A12: pkvex1010 | I12: vg_chcfs01 | J12: 1 | K12: 75 | L12: =J12*K12 -> 75 | M12: vg_chcfs01 | N12: 0.0020833333 | O12: 1A/2A/3A/4A/1C/2C/3C/4C
A13: pkvex1010 | I13: Lock Device | J13: 1 | K13: 0.2 | L13: =J13*K13 -> 0.2 | M13: Lock Device | N13: 0F:00 | O13: 1A/2A/3A/4A/1C/2C/3C/4C
A14: =VLOOKUP($H$3:$H$172,가상화배치내역!$A$2:$B$335,2,FALSE) -> #N/A | I14: Lock Device | J14: 1 | K14: 0.2 | L14: =J14*K14 -> 0.2 | M14: Lock Device | N14: 0F:01 | O14: 1A/2A/3A/4A/1C/2C/3C/4C
A15: pkvex1014 | I15: Lock Device | J15: 1 | K15: 0.2 | L15: =J15*K15 -> 0.2 | M15: Lock Device | N15: 0F:02 | O15: 1A/2A/3A/4A/1C/2C/3C/4C
A16: pkvex1014 | I16: VVR_vg_ch2fs01 | J16: 1 | K16: 59 | L16: =J16*K16 -> 59 | M16: vg_ch2fs01 | N16: 10:01 | O16: 1A/2A/3A/4A/1C/2C/3C/4C
A17: pkvex1014 | I17: VVR_vg_chcfs01 | J17: 1 | K17: 7.5 | L17: =J17*K17 -> 7.5 | M17: vg_chcfs01 | N17: 10:03 | O17: 1A/2A/3A/4A/1C/2C/3C/4C
A18: =VLOOKUP($H$3:$H$172,가상화배치내역!$A$2:$B$335,2,FALSE) -> pkvex1014 | B18: pkvex1014 | H18: pkfchapr3 | I18: vg_ch3fs01 | J18: 1 | K18: 590 | L18: =J18*K18 -> 590 | M18: vg_ch3fs01 | N18: 0.0013888889 | O18: 1A/2A/3A/4A/1C/2C/3C/4C
A19: =VLOOKUP($H$3:$H$172,가상화배치내역!$A$2:$B$335,2,FALSE) -> #N/A | I19: vg_chcfs01 | J19: 1 | K19: 75 | L19: =J19*K19 -> 75 | M19: vg_chcfs01 | N19: 0.0020833333 | O19: 1A/2A/3A/4A/1C/2C/3C/4C
A20: =VLOOKUP($H$3:$H$172,가상화배치내역!$A$2:$B$335,2,FALSE) -> #N/A | I20: Lock Device | J20: 1 | K20: 0.2 | L20: =J20*K20 -> 0.2 | M20: Lock Device | N20: 0F:00 | O20: 1A/2A/3A/4A/1C/2C/3C/4C
A21: =VLOOKUP($H$3:$H$172,가상화배치내역!$A$2:$B$335,2,FALSE) -> #N/A | I21: Lock Device | J21: 1 | K21: 0.2 | L21: =J21*K21 -> 0.2 | M21: Lock Device | N21: 0F:01 | O21: 1A/2A/3A/4A/1C/2C/3C/4C
A22: =VLOOKUP($H$3:$H$172,가상화배치내역!$A$2:$B$335,2,FALSE) -> #N/A | I22: Lock Device | J22: 1 | K22: 0.2 | L22: =J22*K22 -> 0.2 | M22: Lock Device | N22: 0F:02 | O22: 1A/2A/3A/4A/1C/2C/3C/4C
A23: =VLOOKUP($H$3:$H$172,가상화배치내역!$A$2:$B$335,2,FALSE) -> #N/A | I23: VVR_vg_ch3fs01 | J23: 1 | K23: 59 | L23: =J23*K23 -> 59 | M23: vg_ch3fs01 | N23: 10:02 | O23: 1A/2A/3A/4A/1C/2C/3C/4C
A24: =VLOOKUP($H$3:$H$172,가상화배치내역!$A$2:$B$335,2,FALSE) -> #N/A | I24: VVR_vg_chcfs01 | J24: 1 | K24: 7.5 | L24: =J24*K24 -> 7.5 | M24: vg_chcfs01 | N24: 10:03 | O24: 1A/2A/3A/4A/1C/2C/3C/4C
A25: =VLOOKUP($H$3:$H$172,가상화배치내역!$A$2:$B$335,2,FALSE) -> pkvex1003 | B25: pkvex1003 | H25: pkftrapr1 | I25: vg_tr1fs01 | J25: 1 | K25: 50 | L25: =J25*K25 -> 50 | M25: vg_me1fs01 | N25: 0.0027777778 | O25: 1A/2A/3A/4A/1C/2C/3C/4C
A26: =VLOOKUP($H$3:$H$172,가상화배치내역!$A$2:$B$335,2,FALSE) -> #N/A | I26: vg_trcfs01 | J26: 1 | K26: 90 | L26: =J26*K26 -> 90 | M26: vg_mecfs01 | N26: 0.0048611111 | O26: 1A/2A/3A/4A/1C/2C/3C/4C
A27: =VLOOKUP($H$3:$H$172,가상화배치내역!$A$2:$B$335,2,FALSE) -> #N/A | I27: vg_trcfs02 | J27: 1 | K27: 110 | L27: =J27*K27 -> 110 | M27: vg_mecfs03 | N27: 0.0055555556 | O27: 1A/2A/3A/4A/1C/2C/3C/4C
A28: pkvex1003 | I28: Lock Device | J28: 1 | K28: 0.2 | L28: =J28*K28 -> 0.2 | M28: Lock Device | N28: 0F:03 | O28: 1A/2A/3A/4A/1C/2C/3C/4C
A29: pkvex1003 | I29: Lock Device | J29: 1 | K29: 0.2 | L29: =J29*K29 -> 0.2 | M29: Lock Device | N29: 0F:04 | O29: 1A/2A/3A/4A/1C/2C/3C/4C
A30: pkvex1003 | I30: Lock Device | J30: 1 | K30: 0.2 | L30: =J30*K30 -> 0.2 | M30: Lock Device | N30: 0F:05 | O30: 1A/2A/3A/4A/1C/2C/3C/4C
A31: pkvex1003 | I31: vg_tr1fs01 | J31: 1 | K31: 4.7 | L31: =J31*K31 -> 4.7 | M31: vg_me1fs01 | N31: 10:04 | O31: 1A/2A/3A/4A/1C/2C/3C/4C
A32: =VLOOKUP($H$3:$H$172,가상화배치내역!$A$2:$B$335,2,FALSE) -> #N/A | I32: vg_trcfs01 | J32: 1 | K32: 9 | L32: =J32*K32 -> 9 | M32: vg_trcfs01 | N32: 10:07 | O32: 1A/2A/3A/4A/1C/2C/3C/4C
A33: pkvex1013 | I33: vg_trcfs02 | J33: 1 | K33: 10.2 | L33: =J33*K33 -> 10.2 | M33: vg_mecfs03 | N33: 10:08 | O33: 1A/2A/3A/4A/1C/2C/3C/4C
A34: pkvex1013 | B34: pkvex1013 | H34: pkftrapr2 | I34: vg_tr2fs01 | J34: 1 | K34: 50 | L34: =J34*K34 -> 50 | M34: vg_me2fs01 | N34: 0.0034722222 | O34: 1A/2A/3A/4A/1C/2C/3C/4C
A35: pkvex1013 | I35: vg_trcfs01 | J35: 1 | K35: 90 | L35: =J35*K35 -> 90 | M35: vg_mecfs01 | N35: 0.0048611111 | O35: 1A/2A/3A/4A/1C/2C/3C/4C
A36: pkvex1013 | I36: vg_trcfs02 | J36: 1 | K36: 110 | L36: =J36*K36 -> 110 | M36: vg_mecfs03 | N36: 0.0055555556 | O36: 1A/2A/3A/4A/1C/2C/3C/4C
A37: =VLOOKUP($H$3:$H$172,가상화배치내역!$A$2:$B$335,2,FALSE) -> #N/A | I37: Lock Device | J37: 1 | K37: 0.2 | L37: =J37*K37 -> 0.2 | M37: Lock Device | N37: 0F:03 | O37: 1A/2A/3A/4A/1C/2C/3C/4C
A38: =VLOOKUP($H$3:$H$172,가상화배치내역!$A$2:$B$335,2,FALSE) -> #N/A | I38: Lock Device | J38: 1 | K38: 0.2 | L38: =J38*K38 -> 0.2 | M38: Lock Device | N38: 0F:04 | O38: 1A/2A/3A/4A/1C/2C/3C/4C
A39: =VLOOKUP($H$3:$H$172,가상화배치내역!$A$2:$B$335,2,FALSE) -> #N/A | I39: Lock Device | J39: 1 | K39: 0.2 | L39: =J39*K39 -> 0.2 | M39: Lock Device | N39: 0F:05 | O39: 1A/2A/3A/4A/1C/2C/3C/4C
A40: pkvex1003 | I40: vg_tr2fs01 | J40: 1 | K40: 4.7 | L40: =J40*K40 -> 4.7 | M40: vg_me2fs01 | N40: 10:05 | O40: 1A/2A/3A/4A/1C/2C/3C/4C
A41: =VLOOKUP($H$3:$H$172,가상화배치내역!$A$2:$B$335,2,FALSE) -> #N/A | I41: vg_trcfs01 | J41: 1 | K41: 9 | L41: =J41*K41 -> 9 | M41: vg_trcfs01 | N41: 10:07 | O41: 1A/2A/3A/4A/1C/2C/3C/4C
A42: pkvex1013 | I42: vg_trcfs02 | J42: 1 | K42: 10.2 | L42: =J42*K42 -> 10.2 | M42: vg_mecfs03 | N42: 10:08 | O42: 1A/2A/3A/4A/1C/2C/3C/4C
A43: =VLOOKUP($H$3:$H$172,가상화배치내역!$A$2:$B$335,2,FALSE) -> pkvex1005 | B43: pkvex1005 | H43: pkftrapr3 | I43: vg_tr4fs01 | J43: 1 | K43: 50 | L43: =J43*K43 -> 50 | M43: vg_me1fs01 | N43: 0.00625 | O43: 1A/2A/3A/4A/1C/2C/3C/4C
A44: =VLOOKUP($H$3:$H$172,가상화배치내역!$A$2:$B$335,2,FALSE) -> #N/A | I44: vg_trcfs01 | J44: 1 | K44: 45 | L44: =J44*K44 -> 45 | M44: vg_mecfs01 | N44: 0:0C | O44: 1A/2A/3A/4A/1C/2C/3C/4C
A45: =VLOOKUP($H$3:$H$172,가상화배치내역!$A$2:$B$335,2,FALSE) -> #N/A | I45: vg_trcfs02 | J45: 1 | K45: 7 | L45: =J45*K45 -> 7 | M45: vg_mecfs02 | N45: 0:0D | O45: 1A/2A/3A/4A/1C/2C/3C/4C
A46: =VLOOKUP($H$3:$H$172,가상화배치내역!$A$2:$B$335,2,FALSE) -> #N/A | I46: vg_trcfs03 | J46: 1 | K46: 110 | L46: =J46*K46 -> 110 | M46: vg_mecfs03 | N46: 0:0E | O46: 1A/2A/3A/4A/1C/2C/3C/4C
A47: pkvex1005 | I47: Lock Device | J47: 1 | K47: 0.2 | L47: =J47*K47 -> 0.2 | M47: Lock Device | N47: 0F:06 | O47: 1A/2A/3A/4A/1C/2C/3C/4C
A48: pkvex1005 | I48: Lock Device | J48: 1 | K48: 0.2 | L48: =J48*K48 -> 0.2 | M48: Lock Device | N48: 0F:07 | O48: 1A/2A/3A/4A/1C/2C/3C/4C
A49: pkvex1005 | I49: Lock Device | J49: 1 | K49: 0.2 | L49: =J49*K49 -> 0.2 | M49: Lock Device | N49: 0F:08 | O49: 1A/2A/3A/4A/1C/2C/3C/4C
A50: pkvex1005 | I50: VVR_vg_tr4fs01 | J50: 1 | K50: 4.7 | L50: =J50*K50 -> 4.7 | M50: vg_me1fs01 | N50: 10:09 | O50: 1A/2A/3A/4A/1C/2C/3C/4C
A51: pkvex1005 | I51: VVR_vg_trcfs01 | J51: 1 | K51: 4.2 | L51: =J51*K51 -> 4.2 | M51: vg_mecfs01 | N51: 10:0C | O51: 1A/2A/3A/4A/1C/2C/3C/4C
A52: =VLOOKUP($H$3:$H$172,가상화배치내역!$A$2:$B$335,2,FALSE) -> #N/A | I52: VVR_vg_trcfs02 | J52: 1 | K52: 1 | L52: =J52*K52 -> 1 | M52: vg_trcfs02 | N52: 10:0D | O52: 1A/2A/3A/4A/1C/2C/3C/4C
A53: pkvex1009 | I53: VVR_vg_trcfs03(제외) | J53: 1 | K53: 10.2 | L53: =J53*K53 -> 10.2 | M53: vg_mecfs03 | N53: 10:0E | O53: 1A/2A/3A/4A/1C/2C/3C/4C
A54: pkvex1009 | B54: pkvex1009 | H54: pkftrapr4 | I54: vg_tr5fs01 | J54: 1 | K54: 50 | L54: =J54*K54 -> 50 | M54: vg_me2fs01 | N54: 0:0A | O54: 1A/2A/3A/4A/1C/2C/3C/4C
A55: pkvex1009 | I55: vg_trcfs01 | J55: 1 | K55: 45 | L55: =J55*K55 -> 45 | M55: vg_mecfs01 | N55: 0:0C | O55: 1A/2A/3A/4A/1C/2C/3C/4C
A56: pkvex1009 | I56: vg_trcfs02 | J56: 1 | K56: 7 | L56: =J56*K56 -> 7 | M56: vg_mecfs02 | N56: 0:0D | O56: 1A/2A/3A/4A/1C/2C/3C/4C
A57: pkvex1009 | I57: vg_trcfs03 | J57: 1 | K57: 110 | L57: =J57*K57 -> 110 | M57: vg_mecfs03 | N57: 0:0E | O57: 1A/2A/3A/4A/1C/2C/3C/4C
A58: =VLOOKUP($H$3:$H$172,가상화배치내역!$A$2:$B$335,2,FALSE) -> #N/A | I58: Lock Device | J58: 1 | K58: 0.2 | L58: =J58*K58 -> 0.2 | M58: Lock Device | N58: 0F:06 | O58: 1A/2A/3A/4A/1C/2C/3C/4C
A59: =VLOOKUP($H$3:$H$172,가상화배치내역!$A$2:$B$335,2,FALSE) -> #N/A | I59: Lock Device | J59: 1 | K59: 0.2 | L59: =J59*K59 -> 0.2 | M59: Lock Device | N59: 0F:07 | O59: 1A/2A/3A/4A/1C/2C/3C/4C
A60: =VLOOKUP($H$3:$H$172,가상화배치내역!$A$2:$B$335,2,FALSE) -> #N/A | I60: Lock Device | J60: 1 | K60: 0.2 | L60: =J60*K60 -> 0.2 | M60: Lock Device | N60: 0F:08 | O60: 1A/2A/3A/4A/1C/2C/3C/4C
A61: pkvex1005 | I61: VVR_vg_tr5fs01 | J61: 1 | K61: 4.7 | L61: =J61*K61 -> 4.7 | M61: vg_me2fs01 | N61: 10:0A | O61: 1A/2A/3A/4A/1C/2C/3C/4C
A62: pkvex1005 | I62: VVR_vg_trcfs01 | J62: 1 | K62: 4.2 | L62: =J62*K62 -> 4.2 | M62: vg_mecfs01 | N62: 10:0C | O62: 1A/2A/3A/4A/1C/2C/3C/4C
A63: =VLOOKUP($H$3:$H$172,가상화배치내역!$A$2:$B$335,2,FALSE) -> #N/A | I63: VVR_vg_trcfs02 | J63: 1 | K63: 1 | L63: =J63*K63 -> 1 | M63: vg_trcfs02 | N63: 10:0D | O63: 1A/2A/3A/4A/1C/2C/3C/4C
A64: pkvex1009 | I64: VVR_vg_trcfs03(제외) | J64: 1 | K64: 10.2 | L64: =J64*K64 -> 10.2 | M64: vg_mecfs03 | N64: 10:0E | O64: 1A/2A/3A/4A/1C/2C/3C/4C
A65: pkvex1009 | B65: pkvex1004 | H65: pkftsapr1 | I65: vg_ts1fs01 | J65: 1 | K65: 50 | L65: =J65*K65 -> 50 | M65: vg_ts1fs01 | N65: 0:0F | O65: 1A/2A/3A/4A/1C/2C/3C/4C
A66: =VLOOKUP($H$3:$H$172,가상화배치내역!$A$2:$B$335,2,FALSE) -> #N/A | I66: vg_tscfs01 | J66: 1 | K66: 80 | L66: =J66*K66 -> 80 | M66: vg_tscfs01 | N66: 0.0083333333 | O66: 1A/2A/3A/4A/1C/2C/3C/4C
A67: =VLOOKUP($H$3:$H$172,가상화배치내역!$A$2:$B$335,2,FALSE) -> #N/A | I67: vg_tscfs02 | J67: 1 | K67: 102 | L67: =J67*K67 -> 102 | M67: vg_tscfs02 | N67: 0.0090277778 | O67: 1A/2A/3A/4A/1C/2C/3C/4C
A68: =VLOOKUP($H$3:$H$172,가상화배치내역!$A$2:$B$335,2,FALSE) -> #N/A | I68: vg_tscfs03 | J68: 1 | K68: 110 | L68: =J68*K68 -> 110 | M68: vg_tscfs03 | N68: 0.0097222222 | O68: 1A/2A/3A/4A/1C/2C/3C/4C
A69: =VLOOKUP($H$3:$H$172,가상화배치내역!$A$2:$B$335,2,FALSE) -> #N/A | I69: Lock Device | J69: 1 | K69: 0.2 | L69: =J69*K69 -> 0.2 | M69: Lock Device | N69: 0F:09 | O69: 1A/2A/3A/4A/1C/2C/3C/4C
A70: =VLOOKUP($H$3:$H$172,가상화배치내역!$A$2:$B$335,2,FALSE) -> #N/A | I70: Lock Device | J70: 1 | K70: 0.2 | L70: =J70*K70 -> 0.2 | M70: Lock Device | N70: 0F:0A | O70: 1A/2A/3A/4A/1C/2C/3C/4C
A71: pkvex1004 | I71: VVR_vg_ts1fs01 | J71: 1 | K71: 4.7 | L71: =J71*K71 -> 4.7 | M71: vg_ts1fs01 | N71: 10:0F | O71: 1A/2A/3A/4A/1C/2C/3C/4C
A72: pkvex1004 | I72: VVR_vg_tscfs01 | J72: 1 | K72: 9 | L72: =J72*K72 -> 9 | M72: vg_tscfs01 | N72: 10:12 | O72: 1A/2A/3A/4A/1C/2C/3C/4C
A73: pkvex1004 | I73: VVR_vg_tscfs02 | J73: 1 | K73: 11 | L73: =J73*K73 -> 11 | M73: vg_tscfs02 | N73: 10:13 | O73: 1A/2A/3A/4A/1C/2C/3C/4C
A74: pkvex1004 | I74: VVR_vg_tscfs03(제외) | J74: 1 | K74: 10.2 | L74: =J74*K74 -> 10.2 | M74: vg_tscfs03 | N74: 10:14 | O74: 1A/2A/3A/4A/1C/2C/3C/4C
A75: =VLOOKUP($H$3:$H$172,가상화배치내역!$A$2:$B$335,2,FALSE) -> #N/A | I75: Lock Device | J75: 1 | K75: 0.2 | L75: =J75*K75 -> 0.2 | M75: Lock Device | N75: 0F:0B | O75: 1A/2A/3A/4A/1C/2C/3C/4C
A76: pkvex1008 | B76: pkvex1008 | H76: pkftsapr2 | I76: vg_ts2fs01 | J76: 1 | K76: 50 | L76: =J76*K76 -> 50 | M76: vg_ts2fs01 | N76: 0.0069444444 | O76: 1A/2A/3A/4A/1C/2C/3C/4C
A77: pkvex1008 | I77: vg_tscfs01 | J77: 1 | K77: 80 | L77: =J77*K77 -> 80 | M77: vg_tscfs01 | N77: 0.0083333333 | O77: 1A/2A/3A/4A/1C/2C/3C/4C
A78: pkvex1008 | I78: vg_tscfs02 | J78: 1 | K78: 102 | L78: =J78*K78 -> 102 | M78: vg_tscfs02 | N78: 0.0090277778 | O78: 1A/2A/3A/4A/1C/2C/3C/4C
A79: pkvex1008 | I79: vg_tscfs03 | J79: 1 | K79: 110 | L79: =J79*K79 -> 110 | M79: vg_tscfs03 | N79: 0.0097222222 | O79: 1A/2A/3A/4A/1C/2C/3C/4C
A80: =VLOOKUP($H$3:$H$172,가상화배치내역!$A$2:$B$335,2,FALSE) -> #N/A | I80: Lock Device | J80: 1 | K80: 0.2 | L80: =J80*K80 -> 0.2 | M80: Lock Device | N80: 0F:09 | O80: 1A/2A/3A/4A/1C/2C/3C/4C
A81: pkvex1012 | I81: Lock Device | J81: 1 | K81: 0.2 | L81: =J81*K81 -> 0.2 | M81: Lock Device | N81: 0F:0A | O81: 1A/2A/3A/4A/1C/2C/3C/4C
A82: pkvex1012 | I82: VVR_vg_ts2fs01 | J82: 1 | K82: 4.7 | L82: =J82*K82 -> 4.7 | M82: vg_ts2fs01 | N82: 10:10 | O82: 1A/2A/3A/4A/1C/2C/3C/4C
A83: pkvex1012 | I83: VVR_vg_tscfs01 | J83: 1 | K83: 9 | L83: =J83*K83 -> 9 | M83: vg_tscfs01 | N83: 10:12 | O83: 1A/2A/3A/4A/1C/2C/3C/4C
A84: pkvex1012 | I84: VVR_vg_tscfs02 | J84: 1 | K84: 11 | L84: =J84*K84 -> 11 | M84: vg_tscfs02 | N84: 10:13 | O84: 1A/2A/3A/4A/1C/2C/3C/4C
A85: =VLOOKUP($H$3:$H$172,가상화배치내역!$A$2:$B$335,2,FALSE) -> #N/A | I85: VVR_vg_tscfs03(제외) | J85: 1 | K85: 10.2 | L85: =J85*K85 -> 10.2 | M85: vg_tscfs03 | N85: 10:14 | O85: 1A/2A/3A/4A/1C/2C/3C/4C
A86: =VLOOKUP($H$3:$H$172,가상화배치내역!$A$2:$B$335,2,FALSE) -> #N/A | I86: Lock Device | J86: 1 | K86: 0.2 | L86: =J86*K86 -> 0.2 | M86: Lock Device | N86: 0F:0B | O86: 1A/2A/3A/4A/1C/2C/3C/4C
A87: =VLOOKUP($H$3:$H$172,가상화배치내역!$A$2:$B$335,2,FALSE) -> pkvex1012 | B87: pkvex1012 | H87: pkftsapr3 | I87: vg_ts3fs01 | J87: 1 | K87: 50 | L87: =J87*K87 -> 50 | M87: vg_ts3fs01 | N87: 0.0076388889 | O87: 1A/2A/3A/4A/1C/2C/3C/4C
A88: =VLOOKUP($H$3:$H$172,가상화배치내역!$A$2:$B$335,2,FALSE) -> #N/A | I88: vg_tscfs01 | J88: 1 | K88: 80 | L88: =J88*K88 -> 80 | M88: vg_tscfs01 | N88: 0.0083333333 | O88: 1A/2A/3A/4A/1C/2C/3C/4C
A89: pkvex1004 | I89: vg_tscfs02 | J89: 1 | K89: 102 | L89: =J89*K89 -> 102 | M89: vg_tscfs02 | N89: 0.0090277778 | O89: 1A/2A/3A/4A/1C/2C/3C/4C
A90: pkvex1004 | I90: vg_tscfs03 | J90: 1 | K90: 110 | L90: =J90*K90 -> 110 | M90: vg_tscfs03 | N90: 0.0097222222 | O90: 1A/2A/3A/4A/1C/2C/3C/4C
A91: pkvex1004 | I91: Lock Device | J91: 1 | K91: 0.2 | L91: =J91*K91 -> 0.2 | M91: Lock Device | N91: 0F:09 | O91: 1A/2A/3A/4A/1C/2C/3C/4C
A92: =VLOOKUP($H$3:$H$172,가상화배치내역!$A$2:$B$335,2,FALSE) -> #N/A | I92: Lock Device | J92: 1 | K92: 0.2 | L92: =J92*K92 -> 0.2 | M92: Lock Device | N92: 0F:0A | O92: 1A/2A/3A/4A/1C/2C/3C/4C
A93: pkvex1008 | I93: VVR_vg_ts3fs01 | J93: 1 | K93: 4.7 | L93: =J93*K93 -> 4.7 | M93: vg_ts3fs01 | N93: 10:11 | O93: 1A/2A/3A/4A/1C/2C/3C/4C
A94: pkvex1008 | I94: VVR_vg_tscfs01 | J94: 1 | K94: 9 | L94: =J94*K94 -> 9 | M94: vg_tscfs01 | N94: 10:12 | O94: 1A/2A/3A/4A/1C/2C/3C/4C
A95: pkvex1008 | I95: VVR_vg_tscfs02 | J95: 1 | K95: 11 | L95: =J95*K95 -> 11 | M95: vg_tscfs02 | N95: 10:13 | O95: 1A/2A/3A/4A/1C/2C/3C/4C
A96: =VLOOKUP($H$3:$H$172,가상화배치내역!$A$2:$B$335,2,FALSE) -> #N/A | I96: VVR_vg_tscfs03(제외) | J96: 1 | K96: 10.2 | L96: =J96*K96 -> 10.2 | M96: vg_tscfs03 | N96: 10:14 | O96: 1A/2A/3A/4A/1C/2C/3C/4C
A97: pkvex1012 | I97: Lock Device | J97: 1 | K97: 0.2 | L97: =J97*K97 -> 0.2 | M97: Lock Device | N97: 0F:0B | O97: 1A/2A/3A/4A/1C/2C/3C/4C
A98: pkvex1012 | B98: pkvex1007 | H98: pkftsdbr1 | I98: vg_ts1fs01 | J98: 1 | K98: 22 | L98: =J98*K98 -> 22 | M98: vg_ts1fs01 | N98: 0:15 | O98: 1A/2A/3A/4A/1C/2C/3C/4C
A99: pkvex1012 | I99: vg_tscfs01 | J99: 1 | K99: 700 | L99: =J99*K99 -> 700 | M99: vg_tscfs01 | N99: 0:17 | O99: 1A/2A/3A/4A/1C/2C/3C/4C
A100: =VLOOKUP($H$3:$H$172,가상화배치내역!$A$2:$B$335,2,FALSE) -> #N/A | I100: vg_tscfs01 | J100: 1 | K100: 700 | L100: =J100*K100 -> 700 | M100: vg_tscfs01 | N100: 0:18 | O100: 1A/2A/3A/4A/1C/2C/3C/4C
...

Sheet naa정보-입력
B1: 예
B2: =RIGHT(C2,4) -> 004c | C2: naa.60060e8016622100000162210000004c | D2: <<<=== C 열에 신규 g600용 naa 값을 복사/붙여넣기 B열은 자동으로 채워짐(손대지 말것)
B3: lun_id | C3: naa값(전체 lun갯수는 346개)
A4: 1 | B4: =RIGHT(C4,4) -> 004c | C4: naa.60060e8016622100000162210000004c
A5: 2 | B5: =RIGHT(C5,4)
A6: 3 | B6: =RIGHT(C6,4)
A7: 4 | B7: =RIGHT(C7,4)
A8: 5 | B8: =RIGHT(C8,4)
A9: 6 | B9: =RIGHT(C9,4)
A10: 7 | B10: =RIGHT(C10,4)
A11: 8 | B11: =RIGHT(C11,4)
A12: 9 | B12: =RIGHT(C12,4)
A13: 10 | B13: =RIGHT(C13,4)
A14: 11 | B14: =RIGHT(C14,4)
A15: 12 | B15: =RIGHT(C15,4)
A16: 13 | B16: =RIGHT(C16,4)
... A349: 346 | B349: =RIGHT(C349,4)

Sheet 부산 DR_VMware
A1: 부산 가상화 DR 구성 현황 (2018.09.10)
A3: VM Guest | V3: OS | AA3: Volum Manager (Veritas) | AG3: 스토리지 | AN3: vmkfstools -z /vmfs/devices/disks/
A4: System | E4: Data Store Mapping | M4: LUN info | Q4: TO-BE Data Store Mapping | V4: Systsem | W4: Disk 정보 | AA4: System | AB4: Veritas Volume 정보 | AG4: LDEV 정보 (AS-IS) | AJ4: LDEV 정보 (TO-BE)
A5: HOST | B5: Cluster | C5: VM Guest | D5: Folder | E5: (SCSI ID) | F5: Data Store | G5: Data Store NAA | H5: Data Store File | I5: RDM Device | J5: RDM NAA | L5: 활성 I/O | M5: Storage ID | N5: ID | O5: as-is ID | P5: SIZE | Q5: to-be LUN ID | R5: SIZE | S5: RDM Data Store | T5: Data Store File | U5: Storage ID | V5: Hostname | W5: Disk List | X5: TO-BE Disk List | Y5: OS Device | Z5: SIZE (GB) | AA5: Hostname | AB5: VG명 | AC5: LUN수 | AD5: Lun size(GB) | AE5: LUN name | AF5: LUN Addr | AG5: LUN ADDR | AH5: LUN Name | AI5: SIZE (GB) | AJ5: LUN ADDR | AK5: LUN Name | AL5: SIZE (GB) | AM5: 신규 rdmp 데이터스토어 name | AN5: 신규스토리지 rdm lun naa(두번째 시트에서 가지고옴-손대지말것) | AO5: rdm 파일생성 command(수정하지말것-중복제거 필요) | AP5: rdm 파일 삭제 command(중복제거 필요)
A6: 10.146.106.83 | B6: B-SV-PKB-RI | C6: pkbtsdbr1 | D6: 채권 | E6: 0,2 | F6: B-DR-RDMP-LUN196-PKBTSDBR | G6: naa.60060e80166221000001622100001f0e | H6: pkbtsdbr1/pkbtsdbr1.vmdk | I6: 020013000060060e8016622100000162210000004c4f50454e2d56 | J6: naa.60060e8016622100000162210000004c | K6: 10.146.106.83naa.60060e8016622100000162210000004c | L6: vmhba4:C0:T0:L19 | M6: 16221 | N6: 004c | O6: 00:4c | P6: 2.5003052 | Q6: =VLOOKUP($O6,'스토리지_LUN(TO-BE)'!$B$2:$G$347,4,FALSE) -> 00:4c | V6: =VLOOKUP($N6,OS_Disk!$A$2:$F$573,2,FALSE) -> pkbtsdbr1 | W6: =VLOOKUP($N6,OS_Disk!$A$2:$F$573,3,FALSE) -> hitachi_vsp0_004c | Y6: =VLOOKUP($N6,OS_Disk!$A$2:$F$573,4,FALSE) -> sdc | Z6: =VLOOKUP($N6,OS_Disk!$A$2:$F$573,6,FALSE) -> 25.000305 | AA6: =VLOOKUP($O6,Veritas_LUN!$D$3:$J$487,2,FALSE) -> pkbtsdbr1 | AB6: =VLOOKUP($O6,Veritas_LUN!$D$3:$J$487,3,FALSE) -> vg_ts1fs01 | AC6: =VLOOKUP($O6,Veritas_LUN!$D$3:$J$487,4,FALSE) -> 1 | AD6: =VLOOKUP($O6,Veritas_LUN!$D$3:$J$487,5,FALSE) -> 25 | AE6: =VLOOKUP($O6,Veritas_LUN!$D$3:$J$487,7,FALSE) -> vg_ts1fs01 | AF6: =VLOOKUP($O6,Veritas_LUN!$D$3:$K$487,8,FALSE) -> 00:4c | AG6: 00:4c | AH6: =VLOOKUP(AG6,'스토리지_LUN(AS-IS)'!$B$4:$G$541,4,FALSE) -> vg_ts1fs01 | AI6: =VLOOKUP(AG6,'스토리지_LUN(AS-IS)'!$B$4:$G$541,6,FALSE) -> 25 | AJ6: =VLOOKUP($AG6,'스토리지_LUN(TO-BE)'!$B$2:$G$347,4,FALSE) -> 00:4c | AM6: =VLOOKUP(F6,$F$580:$AM$608,34,FALSE) -> NB-DR-RDMP-0FAE-PKBTSDBR | AN6: =VLOOKUP(SUBSTITUTE(Q6,":",""),'naa정보-입력'!B4:C349,2,FALSE) -> naa.60060e8016622100000162210000004c | AO6: =_xlfn.CONCAT($AN$3,AN6," ","/vmfs/volumes/",AM6,"/",H6) -> vmkfstools -z /vmfs/devices/disks/naa.60060e8016622100000162210000004c /vmfs/volumes/NB-DR-RDMP-0FAE-PKBTSDBR/pkbtsdbr1/pkbtsdbr1.vmdk | AP6: rm -f /vmfs/volumes/NB-DR-RDMP-0FAE-PKBTSDBR/pkbtsdbr1/pkbtsdbr1.vmdk
A7: 10.146.106.83 | B7: B-SV-PKB-RI | C7: pkbtsdbr1 | D7: 채권 | E7: 0,3 | F7: B-DR-RDMP-LUN196-PKBTSDBR | G7: naa.60060e80166221000001622100001f0e | H7: pkbtsdbr1/pkbtsdbr1_1.vmdk | I7: 020063000060060e8016622100000162210000104c4f50454e2d56 | J7: naa.60060e8016622100000162210000104c | K7: 10.146.106.83naa.60060e8016622100000162210000104c | L7: vmhba4:C0:T0:L99 | M7: 16221 | N7: 104c | O7: 10:4c | P7: 50 | Q7: =VLOOKUP($O7,'스토리지_LUN(TO-BE)'!$B$2:$G$347,4,FALSE) -> 05:4c | V7: =VLOOKUP($N7,OS_Disk!$A$2:$F$573,2,FALSE) -> pkbtsdbr1 | W7: =VLOOKUP($N7,OS_Disk!$A$2:$F$573,3,FALSE) -> hitachi_vsp0_104c | Y7: =VLOOKUP($N7,OS_Disk!$A$2:$F$573,4,FALSE) -> sdd | Z7: =VLOOKUP($N7,OS_Disk!$A$2:$F$573,6,FALSE) -> 2.5003052 | AA7: =VLOOKUP($O7,Veritas_LUN!$D$3:$J$487,2,FALSE) -> pkbtsdbr1 | AB7: =VLOOKUP($O7,Veritas_LUN!$D$3:$J$487,3,FALSE) -> vvr_vg_ts1fs01 | AC7: =VLOOKUP($O7,Veritas_LUN!$D$3:$J$487,4,FALSE) -> 1 | AD7: =VLOOKUP($O7,Veritas_LUN!$D$3:$J$487,5,FALSE) -> 2.5 | AE7: =VLOOKUP($O7,Veritas_LUN!$D$3:$J$487,7,FALSE) -> VVR-vg_ts1fs01 | AF7: =VLOOKUP($O7,Veritas_LUN!$D$3:$K$487,8,FALSE) -> 10:4c | AG7: 10:4c | AH7: =VLOOKUP(AG7,'스토리지_LUN(AS-IS)'!$B$4:$G$541,4,FALSE) -> VVR-vg_ts1fs01 | AI7: =VLOOKUP(AG7,'스토리지_LUN(AS-IS)'!$B$4:$G$541,6,FALSE) -> 2.5 | AJ7: =VLOOKUP($AG7,'스토리지_LUN(TO-BE)'!$B$2:$G$347,4,FALSE) -> 05:4c | AM7: =VLOOKUP(F7,$F$580:$AM$608,34,FALSE) -> NB-DR-RDMP-0FAE-PKBTSDBR | AN7: =VLOOKUP(SUBSTITUTE(Q7,":",""),'naa정보-입력'!B5:C350,2,FALSE) -> #N/A | AO7: =_xlfn.CONCAT($AN$3,AN7," ","/vmfs/volumes/",AM7,"/",H7) -> #N/A | AP7: rm -f /vmfs/volumes/NB-DR-RDMP-0FAE-PKBTSDBR/pkbtsdbr1/pkbtsdbr1_1.vmdk
A8: 10.146.106.83 | B8: B-SV-PKB-RI | C8: pkbtsdbr1 | D8: 채권 | E8: 1,0 | F8: B-DR-RDMP-LUN196-PKBTSDBR | G8: naa.60060e80166221000001622100001f0e | H8: pkbtsdbr1/pkbtsdbr1_2.vmdk | I8: 020015000060060e8016622100000162210000004e4f50454e2d56 | J8: naa.60060e8016622100000162210000004e | K8: 10.146.106.83naa.60060e8016622100000162210000004e | L8: vmhba2:C0:T1:L21 | M8: 16221 | N8: 004e | O8: 00:4e | P8: 20.00061 | Q8: =VLOOKUP($O8,'스토리지_LUN(TO-BE)'!$B$2:$G$347,4,FALSE) -> 00:4e | V8: =VLOOKUP($N8,OS_Disk!$A$2:$F$573,2,FALSE) -> pkbtsdbr1 | W8: =VLOOKUP($N8,OS_Disk!$A$2:$F$573,3,FALSE) -> hitachi_vsp0_004e | Y8: =VLOOKUP($N8,OS_Disk!$A$2:$F$573,4,FALSE) -> sdi | Z8: =VLOOKUP($N8,OS_Disk!$A$2:$F$573,6,FALSE) -> 210 | AA8: =VLOOKUP($O8,Veritas_LUN!$D$3:$J$487,2,FALSE) -> pkbtsdbr1/pkbtsdbr2 | AB8: =VLOOKUP($O8,Veritas_LUN!$D$3:$J$487,3,FALSE) -> vg_tscfs01 | AC8: =VLOOKUP($O8,Veritas_LUN!$D$3:$J$487,4,FALSE) -> 1 | AD8: =VLOOKUP($O8,Veritas_LUN!$D$3:$J$487,5,FALSE) -> 210 | AE8: =VLOOKUP($O8,Veritas_LUN!$D$3:$J$487,7,FALSE) -> vg_tscfs01 | AF8: =VLOOKUP($O8,Veritas_LUN!$D$3:$K$487,8,FALSE) -> 00:4e | AG8: 00:4e | AH8: =VLOOKUP(AG8,'스토리지_LUN(AS-IS)'!$B$4:$G$541,4,FALSE) -> vg_tscfs01 | AI8: =VLOOKUP(AG8,'스토리지_LUN(AS-IS)'!$B$4:$G$541,6,FALSE) -> 210 | AJ8: =VLOOKUP($AG8,'스토리지_LUN(TO-BE)'!$B$2:$G$347,4,FALSE) -> 00:4e | AM8: =VLOOKUP(F8,$F$580:$AM$608,34,FALSE) -> NB-DR-RDMP-0FAE-PKBTSDBR | AN8: =VLOOKUP(SUBSTITUTE(Q8,":",""),'naa정보-입력'!B6:C351,2,FALSE) -> #N/A | AO8: =_xlfn.CONCAT($AN$3,AN8," ","/vmfs/volumes/",AM8,"/",H8) -> #N/A | AP8: rm -f /vmfs/volumes/NB-DR-RDMP-0FAE-PKBTSDBR/pkbtsdbr1/pkbtsdbr1_2.vmdk
A9: 10.146.106.83 | B9: B-SV-PKB-RI | C9: pkbtsdbr1 | D9: 채권 | E9: 1,1 | F9: B-DR-RDMP-LUN196-PKBTSDBR | G9: naa.60060e80166221000001622100001f0e | H9: pkbtsdbr1/pkbtsdbr1_14.vmdk | I9: 02001a000060060e801662210000016221000001044f50454e2d56 | J9: naa.60060e80166221000001622100000104 | K9: 10.146.106.83naa.60060e80166221000001622100000104 | L9: vmhba2:C0:T1:L26 | M9: 16221 | N9: 0104 | O9: 01:04 | P9: 35.00061 | Q9: =VLOOKUP($O9,'스토리지_LUN(TO-BE)'!$B$2:$G$347,4,FALSE) -> 01:04 | V9: =VLOOKUP($N9,OS_Disk!$A$2:$F$573,2,FALSE) -> pkbtsdbr1 | W9: =VLOOKUP($N9,OS_Disk!$A$2:$F$573,3,FALSE) -> hitachi_vsp0_0104 | Y9: =VLOOKUP($N9,OS_Disk!$A$2:$F$573,4,FALSE) -> sdj | Z9: =VLOOKUP($N9,OS_Disk!$A$2:$F$573,6,FALSE) -> 20.00061 | AA9: =VLOOKUP($O9,Veritas_LUN!$D$3:$J$487,2,FALSE) -> pkbtsdbr1/pkbtsdbr2 | AB9: =VLOOKUP($O9,Veritas_LUN!$D$3:$J$487,3,FALSE) -> vg_tssys01_01 | AC9: =VLOOKUP($O9,Veritas_LUN!$D$3:$J$487,4,FALSE) -> 1 | AD9: =VLOOKUP($O9,Veritas_LUN!$D$3:$J$487,5,FALSE) -> 20 | AE9: =VLOOKUP($O9,Veritas_LUN!$D$3:$J$487,7,FALSE) -> vg_tssys_new | AF9: =VLOOKUP($O9,Veritas_LUN!$D$3:$K$487,8,FALSE) -> 01:04 | AG9: 01:04 | AH9: =VLOOKUP(AG9,'스토리지_LUN(AS-IS)'!$B$4:$G$541,4,FALSE) -> vg_tssys_new | AI9: =VLOOKUP(AG9,'스토리지_LUN(AS-IS)'!$B$4:$G$541,6,FALSE) -> 20 | AJ9: =VLOOKUP($AG9,'스토리지_LUN(TO-BE)'!$B$2:$G$347,4,FALSE) -> 01:04 | AM9: =VLOOKUP(F9,$F$580:$AM$608,34,FALSE) -> NB-DR-RDMP-0FAE-PKBTSDBR | AN9: =VLOOKUP(SUBSTITUTE(Q9,":",""),'naa정보-입력'!B7:C352,2,FALSE) -> #N/A | AO9: =_xlfn.CONCAT($AN$3,AN9," ","/vmfs/volumes/",AM9,"/",H9) -> #N/A | AP9: rm -f /vmfs/volumes/NB-DR-RDMP-0FAE-PKBTSDBR/pkbtsdbr1/pkbtsdbr1_14.vmdk
A10: 10.146.106.83 | B10: B-SV-PKB-RI | C10: pkbtsdbr1 | D10: 채권 | E10: 1,2 | F10: B-DR-RDMP-LUN196-PKBTSDBR | G10: naa.60060e80166221000001622100001f0e | H10: pkbtsdbr1/pkbtsdbr1_4.vmdk | I10: 020017000060060e801662210000016221000000504f50454e2d56 | J10: naa.60060e80166221000001622100000050 | K10: 10.146.106.83naa.60060e80166221000001622100000050 | L10: vmhba2:C0:T1:L23 | M10: 16221 | N10: 0050 | O10: 00:50 | P10: 110.00061 | Q10: =VLOOKUP($O10,'스토리지_LUN(TO-BE)'!$B$2:$G$347,4,FALSE) -> 00:50 | V10: =VLOOKUP($N10,OS_Disk!$A$2:$F$573,2,FALSE) -> pkbtsdbr1 | W10: =VLOOKUP($N10,OS_Disk!$A$2:$F$573,3,FALSE) -> hitachi_vsp0_0050 | Y10: =VLOOKUP($N10,OS_Disk!$A$2:$F$573,4,FALSE) -> sdk | Z10: =VLOOKUP($N10,OS_Disk!$A$2:$F$573,6,FALSE) -> 35.00061 | AA10: =VLOOKUP($O10,Veritas_LUN!$D$3:$J$487,2,FALSE) -> pkbtsdbr1/pkbtsdbr2 | AB10: =VLOOKUP($O10,Veritas_LUN!$D$3:$J$487,3,FALSE) -> vg_tssys02 | AC10: =VLOOKUP($O10,Veritas_LUN!$D$3:$J$487,4,FALSE) -> 1 | AD10: =VLOOKUP($O10,Veritas_LUN!$D$3:$J$487,5,FALSE) -> 35 | AE10: =VLOOKUP($O10,Veritas_LUN!$D$3:$J$487,7,FALSE) -> vg_tssys02 | AF10: =VLOOKUP($O10,Veritas_LUN!$D$3:$K$487,8,FALSE) -> 00:50 | AG10: 00:50 | AH10: =VLOOKUP(AG10,'스토리지_LUN(AS-IS)'!$B$4:$G$541,4,FALSE) -> vg_tssys02 | AI10: =VLOOKUP(AG10,'스토리지_LUN(AS-IS)'!$B$4:$G$541,6,FALSE) -> 35 | AJ10: =VLOOKUP($AG10,'스토리지_LUN(TO-BE)'!$B$2:$G$347,4,FALSE) -> 00:50 | AM10: =VLOOKUP(F10,$F$580:$AM$608,34,FALSE) -> NB-DR-RDMP-0FAE-PKBTSDBR | AN10: =VLOOKUP(SUBSTITUTE(Q10,":",""),'naa정보-입력'!B8:C353,2,FALSE) -> #N/A | AO10: =_xlfn.CONCAT($AN$3,AN10," ","/vmfs/volumes/",AM10,"/",H10) -> #N/A | AP10: rm -f /vmfs/volumes/NB-DR-RDMP-0FAE-PKBTSDBR/pkbtsdbr1/pkbtsdbr1_4.vmdk
A11: 10.146.106.83 | B11: B-SV-PKB-RI | C11: pkbtsdbr1 | D11: 채권 | E11: 1,3 | F11: B-DR-RDMP-LUN196-PKBTSDBR | G11: naa.60060e80166221000001622100001f0e | H11: pkbtsdbr1/pkbtsdbr1_5.vmdk | I11: 020018000060060e801662210000016221000000514f50454e2d56 | J11: naa.60060e80166221000001622100000051 | K11: 10.146.106.83naa.60060e80166221000001622100000051 | L11: vmhba2:C0:T1:L24 | M11: 16221 | N11: 0051 | O11: 00:51 | P11: 65.00061 | Q11: =VLOOKUP($O11,'스토리지_LUN(TO-BE)'!$B$2:$G$347,4,FALSE) -> 00:51 | V11: =VLOOKUP($N11,OS_Disk!$A$2:$F$573,2,FALSE) -> pkbtsdbr1 | W11: =VLOOKUP($N11,OS_Disk!$A$2:$F$573,3,FALSE) -> hitachi_vsp0_0051 | Y11: =VLOOKUP($N11,OS_Disk!$A$2:$F$573,4,FALSE) -> sdl | Z11: =VLOOKUP($N11,OS_Disk!$A$2:$F$573,6,FALSE) -> 525 | AA11: =VLOOKUP($O11,Veritas_LUN!$D$3:$J$487,2,FALSE) -> pkbtsdbr1/pkbtsdbr2 | AB11: =VLOOKUP($O11,Veritas_LUN!$D$3:$J$487,3,FALSE) -> vg_tsdb01 | AC11: =VLOOKUP($O11,Veritas_LUN!$D$3:$J$487,4,FALSE) -> 1 | AD11: =VLOOKUP($O11,Veritas_LUN!$D$3:$J$487,5,FALSE) -> 525 | AE11: =VLOOKUP($O11,Veritas_LUN!$D$3:$J$487,7,FALSE) -> vg_tsdb01 | AF11: =VLOOKUP($O11,Veritas_LUN!$D$3:$K$487,8,FALSE) -> 00:51 | AG11: 00:51 | AH11: =VLOOKUP(AG11,'스토리지_LUN(AS-IS)'!$B$4:$G$541,4,FALSE) -> vg_tsdb01 | AI11: =VLOOKUP(AG11,'스토리지_LUN(AS-IS)'!$B$4:$G$541,6,FALSE) -> 525 | AJ11: =VLOOKUP($AG11,'스토리지_LUN(TO-BE)'!$B$2:$G$347,4,FALSE) -> 00:51 | AM11: =VLOOKUP(F11,$F$580:$AM$608,34,FALSE) -> NB-DR-RDMP-0FAE-PKBTSDBR | AN11: =VLOOKUP(SUBSTITUTE(Q11,":",""),'naa정보-입력'!B9:C354,2,FALSE) -> #N/A | AO11: =_xlfn.CONCAT($AN$3,AN11," ","/vmfs/volumes/",AM11,"/",H11) -> #N/A | AP11: rm -f /vmfs/volumes/NB-DR-RDMP-0FAE-PKBTSDBR/pkbtsdbr1/pkbtsdbr1_5.vmdk
A12: 10.146.106.83 | B12: B-SV-PKB-RI | C12: pkbtsdbr1 | D12: 채권 | E12: 1,4 | F12: B-DR-RDMP-LUN196-PKBTSDBR | G12: naa.60060e80166221000001622100001f0e | H12: pkbtsdbr1/pkbtsdbr1_6.vmdk | I12: 020019000060060e801662210000016221000000524f50454e2d56 | J12: naa.60060e80166221000001622100000052 | K12: 10.146.106.83naa.60060e80166221000001622100000052 | L12: vmhba2:C0:T1:L25 | M12: 16221 | N12: 0052 | O12: 00:52 | P12: 20.00061 | Q12: =VLOOKUP($O12,'스토리지_LUN(TO-BE)'!$B$2:$G$347,4,FALSE) -> 00:52 | V12: =VLOOKUP($N12,OS_Disk!$A$2:$F$573,2,FALSE) -> pkbtsdbr1 | W12: =VLOOKUP($N12,OS_Disk!$A$2:$F$573,3,FALSE) -> hitachi_vsp0_0052 | Y12: =VLOOKUP($N12,OS_Disk!$A$2:$F$573,4,FALSE) -> sdm | Z12: =VLOOKUP($N12,OS_Disk!$A$2:$F$573,6,FALSE) -> 295.00031 | AA12: =VLOOKUP($O12,Veritas_LUN!$D$3:$J$487,2,FALSE) -> pkbtsdbr1/pkbtsdbr2 | AB12: =VLOOKUP($O12,Veritas_LUN!$D$3:$J$487,3,FALSE) -> vg_tsidx01 | AC12: =VLOOKUP($O12,Veritas_LUN!$D$3:$J$487,4,FALSE) -> 1 | AD12: =VLOOKUP($O12,Veritas_LUN!$D$3:$J$487,5,FALSE) -> 295 | AE12: =VLOOKUP($O12,Veritas_LUN!$D$3:$J$487,7,FALSE) -> vg_tsidx01 | AF12: =VLOOKUP($O12,Veritas_LUN!$D$3:$K$487,8,FALSE) -> 00:52 | AG12: 00:52 | AH12: =VLOOKUP(AG12,'스토리지_LUN(AS-IS)'!$B$4:$G$541,4,FALSE) -> vg_tsidx01 | AI12: =VLOOKUP(AG12,'스토리지_LUN(AS-IS)'!$B$4:$G$541,6,FALSE) -> 295 | AJ12: =VLOOKUP($AG12,'스토리지_LUN(TO-BE)'!$B$2:$G$347,4,FALSE) -> 00:52 | AM12: =VLOOKUP(F12,$F$580:$AM$608,34,FALSE) -> NB-DR-RDMP-0FAE-PKBTSDBR | AN12: =VLOOKUP(SUBSTITUTE(Q12,":",""),'naa정보-입력'!B10:C355,2,FALSE) -> #N/A | AO12: =_xlfn.CONCAT($AN$3,AN12," ","/vmfs/volumes/",AM12,"/",H12) -> #N/A | AP12: rm -f /vmfs/volumes/NB-DR-RDMP-0FAE-PKBTSDBR/pkbtsdbr1/pkbtsdbr1_6.vmdk
A13: 10.146.106.83 | B13: B-SV-PKB-RI | C13: pkbtsdbr1 | D13: 채권 | E13: 1,5 | F13: B-DR-RDMP-LUN196-PKBTSDBR | G13: naa.60060e80166221000001622100001f0e | H13: pkbtsdbr1/pkbtsdbr1_15.vmdk | I13: 02001b000060060e801662210000016221000001054f50454e2d56 | J13: naa.60060e80166221000001622100000105 | K13: 10.146.106.83naa.60060e80166221000001622100000105 | L13: vmhba2:C0:T1:L27 | M13: 16221 | N13: 0105 | O13: 01:05 | P13: 21.000366 | Q13: =VLOOKUP($O13,'스토리지_LUN(TO-BE)'!$B$2:$G$347,4,FALSE) -> 01:05 | V13: =VLOOKUP($N13,OS_Disk!$A$2:$F$573,2,FALSE) -> pkbtsdbr1 | W13: =VLOOKUP($N13,OS_Disk!$A$2:$F$573,3,FALSE) -> hitachi_vsp0_0105 | Y13: =VLOOKUP($N13,OS_Disk!$A$2:$F$573,4,FALSE) -> sdn | Z13: =VLOOKUP($N13,OS_Disk!$A$2:$F$573,6,FALSE) -> 20.00061 | AA13: =VLOOKUP($O13,Veritas_LUN!$D$3:$J$487,2,FALSE) -> pkbtsdbr1/pkbtsdbr2 | AB13: =VLOOKUP($O13,Veritas_LUN!$D$3:$J$487,3,FALSE) -> vg_tssys01_02 | AC13: =VLOOKUP($O13,Veritas_LUN!$D$3:$J$487,4,FALSE) -> 1 | AD13: =VLOOKUP($O13,Veritas_LUN!$D$3:$J$487,5,FALSE) -> 20 | AE13: =VLOOKUP($O13,Veritas_LUN!$D$3:$J$487,7,FALSE) -> vg_tssys_new | AF13: =VLOOKUP($O13,Veritas_LUN!$D$3:$K$487,8,FALSE) -> 01:05 | AG13: 01:05 | AH13: =VLOOKUP(AG13,'스토리지_LUN(AS-IS)'!$B$4:$G$541,4,FALSE) -> vg_tssys_new | AI13: =VLOOKUP(AG13,'스토리지_LUN(AS-IS)'!$B$4:$G$541,6,FALSE) -> 20 | AJ13: =VLOOKUP($AG13,'스토리지_LUN(TO-BE)'!$B$2:$G$347,4,FALSE) -> 01:05 | AM13: =VLOOKUP(F13,$F$580:$AM$608,34,FALSE) -> NB-DR-RDMP-0FAE-PKBTSDBR | AN13: =VLOOKUP(SUBSTITUTE(Q13,":",""),'naa정보-입력'!B11:C356,2,FALSE) -> #N/A | AO13: =_xlfn.CONCAT($AN$3,AN13," ","/vmfs/volumes/",AM13,"/",H13) -> #N/A | AP13: rm -f /vmfs/volumes/NB-DR-RDMP-0FAE-PKBTSDBR/pkbtsdbr1/pkbtsdbr1_15.vmdk
A14: 10.146.106.83 | B14: B-SV-PKB-RI | C14: pkbtsdbr1 | D14: 채권 | E14: 2,0 | F14: B-DR-RDMP-LUN196-PKBTSDBR | G14: naa.60060e80166221000001622100001f0e | H14: pkbtsdbr1/pkbtsdbr1_7.vmdk | I14: 020065000060060e8016622100000162210000104e4f50454e2d56 | J14: naa.60060e8016622100000162210000104e | K14: 10.146.106.83naa.60060e8016622100000162210000104e | L14: vmhba2:C0:T1:L101 | M14: 16221 | N14: 104e | O14: 10:4e | P14: 3.0001831 | Q14: =VLOOKUP($O14,'스토리지_LUN(TO-BE)'!$B$2:$G$347,4,FALSE) -> 05:4e | V14: =VLOOKUP($N14,OS_Disk!$A$2:$F$573,2,FALSE) -> pkbtsdbr1 | W14: =VLOOKUP($N14,OS_Disk!$A$2:$F$573,3,FALSE) -> hitachi_vsp0_104e | Y14: =VLOOKUP($N14,OS_Disk!$A$2:$F$573,4,FALSE) -> sdo | Z14: =VLOOKUP($N14,OS_Disk!$A$2:$F$573,6,FALSE) -> 21.000366 | AA14: =VLOOKUP($O14,Veritas_LUN!$D$3:$J$487,2,FALSE) -> pkbtsdbr1/pkbtsdbr2 | AB14: =VLOOKUP($O14,Veritas_LUN!$D$3:$J$487,3,FALSE) -> none | AC14: =VLOOKUP($O14,Veritas_LUN!$D$3:$J$487,4,FALSE) -> 1 | AD14: =VLOOKUP($O14,Veritas_LUN!$D$3:$J$487,5,FALSE) -> 21 | AE14: =VLOOKUP($O14,Veritas_LUN!$D$3:$J$487,7,FALSE) -> VVR-vg_tscfs01 | AF14: =VLOOKUP($O14,Veritas_LUN!$D$3:$K$487,8,FALSE) -> 10:4e | AG14: 10:4e | AH14: =VLOOKUP(AG14,'스토리지_LUN(AS-IS)'!$B$4:$G$541,4,FALSE) -> VVR-vg_tscfs01 | AI14: =VLOOKUP(AG14,'스토리지_LUN(AS-IS)'!$B$4:$G$541,6,FALSE) -> 21 | AJ14: =VLOOKUP($AG14,'스토리지_LUN(TO-BE)'!$B$2:$G$347,4,FALSE) -> 05:4e | AM14: =VLOOKUP(F14,$F$580:$AM$608,34,FALSE) -> NB-DR-RDMP-0FAE-PKBTSDBR | AN14: =VLOOKUP(SUBSTITUTE(Q14,":",""),'naa정보-입력'!B12:C357,2,FALSE) -> #N/A | AO14: =_xlfn.CONCAT($AN$3,AN14," ","/vmfs/volumes/",AM14,"/",H14) -> #N/A | AP14: rm -f /vmfs/volumes/NB-DR-RDMP-0FAE-PKBTSDBR/pkbtsdbr1/pkbtsdbr1_7.vmdk
A15: 10.146.106.83 | B15: B-SV-PKB-RI | C15: pkbtsdbr1 | D15: 채권 | E15: 2,1 | F15: B-DR-RDMP-LUN196-PKBTSDBR | G15: naa.60060e80166221000001622100001f0e | H15: pkbtsdbr1/pkbtsdbr1_16.vmdk | I15: 020069000060060e801662210000016221000011044f50454e2d56 | J15: naa.60060e80166221000001622100001104 | K15: 10.146.106.83naa.60060e80166221000001622100001104 | L15: vmhba2:C0:T1:L105 | M15: 16221 | N15: 1104 | O15: 11:04 | P15: 11.000061 | Q15: =VLOOKUP($O15,'스토리지_LUN(TO-BE)'!$B$2:$G$347,4,FALSE) -> 05:85 | V15: =VLOOKUP($N15,OS_Disk!$A$2:$F$573,2,FALSE) -> pkbtsdbr1 | W15: =VLOOKUP($N15,OS_Disk!$A$2:$F$573,3,FALSE) -> hitachi_vsp0_1104 | Y15: =VLOOKUP($N15,OS_Disk!$A$2:$F$573,4,FALSE) -> sdp | Z15: =VLOOKUP($N15,OS_Disk!$A$2:$F$573,6,FALSE) -> 3.0001831 | AA15: =VLOOKUP($O15,Veritas_LUN!$D$3:$J$487,2,FALSE) -> pkbtsdbr1/pkbtsdbr2 | AB15: =VLOOKUP($O15,Veritas_LUN!$D$3:$J$487,3,FALSE) -> vvr_vg_tssys01_01 | AC15: =VLOOKUP($O15,Veritas_LUN!$D$3:$J$487,4,FALSE) -> 1 | AD15: =VLOOKUP($O15,Veritas_LUN!$D$3:$J$487,5,FALSE) -> 3 | AE15: =VLOOKUP($O15,Veritas_LUN!$D$3:$J$487,7,FALSE) -> VVR_vg_tssys_new | AF15: =VLOOKUP($O15,Veritas_LUN!$D$3:$K$487,8,FALSE) -> 11:04 | AG15: 11:04 | AH15: =VLOOKUP(AG15,'스토리지_LUN(AS-IS)'!$B$4:$G$541,4,FALSE) -> VVR_vg_tssys_new | AI15: =VLOOKUP(AG15,'스토리지_LUN(AS-IS)'!$B$4:$G$541,6,FALSE) -> 3 | AJ15: =VLOOKUP($AG15,'스토리지_LUN(TO-BE)'!$B$2:$G$347,4,FALSE) -> 05:85 | AM15: =VLOOKUP(F15,$F$580:$AM$608,34,FALSE) -> NB-DR-RDMP-0FAE-PKBTSDBR | AN15: =VLOOKUP(SUBSTITUTE(Q15,":",""),'naa정보-입력'!B13:C358,2,FALSE) -> #N/A | AO15: =_xlfn.CONCAT($AN$3,AN15," ","/vmfs/volumes/",AM15,"/",H15) -> #N/A | AP15: rm -f /vmfs/volumes/NB-DR-RDMP-0FAE-PKBTSDBR/pkbtsdbr1/pkbtsdbr1_16.vmdk
A16: 10.146.106.83 | B16: B-SV-PKB-RI | C16: pkbtsdbr1 | D16: 채권 | E16: 2,2 | F16: B-DR-RDMP-LUN196-PKBTSDBR | G16: naa.60060e80166221000001622100001f0e | H16: pkbtsdbr1/pkbtsdbr1_9.vmdk | I16: 020067000060060e801662210000016221000010514f50454e2d56 | J16: naa.60060e80166221000001622100001051 | K16: 10.146.106.83naa.60060e80166221000001622100001051 | L16: vmhba2:C0:T1:L103 | M16: 16221 | N16: 1051 | O16: 10:51 | P16: 6.5002441 | Q16: =VLOOKUP($O16,'스토리지_LUN(TO-BE)'!$B$2:$G$347,4,FALSE) -> 05:51 | V16: =VLOOKUP($N16,OS_Disk!$A$2:$F$573,2,FALSE) -> pkbtsdbr1 | W16: =VLOOKUP($N16,OS_Disk!$A$2:$F$573,3,FALSE) -> hitachi_vsp0_1051 | Y16: =VLOOKUP($N16,OS_Disk!$A$2:$F$573,4,FALSE) -> sdq | Z16: =VLOOKUP($N16,OS_Disk!$A$2:$F$573,6,FALSE) -> 57.000732 | AA16: =VLOOKUP($O16,Veritas_LUN!$D$3:$J$487,2,FALSE) -> pkbtsdbr1/pkbtsdbr2 | AB16: =VLOOKUP($O16,Veritas_LUN!$D$3:$J$487,3,FALSE) -> vvr_vg_tsdb01 | AC16: =VLOOKUP($O16,Veritas_LUN!$D$3:$J$487,4,FALSE) -> 1 | AD16: =VLOOKUP($O16,Veritas_LUN!$D$3:$J$487,5,FALSE) -> 57 | AE16: =VLOOKUP($O16,Veritas_LUN!$D$3:$J$487,7,FALSE) -> VVR-vg_tsdb01 | AF16: =VLOOKUP($O16,Veritas_LUN!$D$3:$K$487,8,FALSE) -> 10:51 | AG16: 10:51 | AH16: =VLOOKUP(AG16,'스토리지_LUN(AS-IS)'!$B$4:$G$541,4,FALSE) -> VVR-vg_tsdb01 | AI16: =VLOOKUP(AG16,'스토리지_LUN(AS-IS)'!$B$4:$G$541,6,FALSE) -> 57 | AJ16: =VLOOKUP($AG16,'스토리지_LUN(TO-BE)'!$B$2:$G$347,4,FALSE) -> 05:51 | AM16: =VLOOKUP(F16,$F$580:$AM$608,34,FALSE) -> NB-DR-RDMP-0FAE-PKBTSDBR | AN16: =VLOOKUP(SUBSTITUTE(Q16,":",""),'naa정보-입력'!B14:C359,2,FALSE) -> #N/A | AO16: =_xlfn.CONCAT($AN$3,AN16," ","/vmfs/volumes/",AM16,"/",H16) -> #N/A | AP16: rm -f /vmfs/volumes/NB-DR-RDMP-0FAE-PKBTSDBR/pkbtsdbr1/pkbtsdbr1_9.vmdk
A17: 10.146.106.83 | B17: B-SV-PKB-RI | C17: pkbtsdbr1 | D17: 채권 | E17: 2,3 | F17: B-DR-RDMP-LUN196-PKBTSDBR | G17: naa.60060e80166221000001622100001f0e | H17: pkbtsdbr1/pkbtsdbr1_10.vmdk | I17: 020068000060060e801662210000016221000010524f50454e2d56 | J17: naa.60060e80166221000001622100001052 | K17: 10.146.106.83naa.60060e80166221000001622100001052 | L17: vmhba2:C0:T1:L104 | M17: 16221 | N17: 1052 | O17: 10:52 | P17: 3.0001831 | Q17: =VLOOKUP($O17,'스토리지_LUN(TO-BE)'!$B$2:$G$347,4,FALSE) -> 05:52 | V17: =VLOOKUP($N17,OS_Disk!$A$2:$F$573,2,FALSE) -> pkbtsdbr1 | W17: =VLOOKUP($N17,OS_Disk!$A$2:$F$573,3,FALSE) -> hitachi_vsp0_1052 | Y17: =VLOOKUP($N17,OS_Disk!$A$2:$F$573,4,FALSE) -> sdr | Z17: =VLOOKUP($N17,OS_Disk!$A$2:$F$573,6,FALSE) -> 33.000183 | AA17: =VLOOKUP($O17,Veritas_LUN!$D$3:$J$487,2,FALSE) -> pkbtsdbr1/pkbtsdbr2 | AB17: =VLOOKUP($O17,Veritas_LUN!$D$3:$J$487,3,FALSE) -> vvr_vg_tsidx01 | AC17: =VLOOKUP($O17,Veritas_LUN!$D$3:$J$487,4,FALSE) -> 1 | AD17: =VLOOKUP($O17,Veritas_LUN!$D$3:$J$487,5,FALSE) -> 33 | AE17: =VLOOKUP($O17,Veritas_LUN!$D$3:$J$487,7,FALSE) -> VVR-vg_tsidx01 | AF17: =VLOOKUP($O17,Veritas_LUN!$D$3:$K$487,8,FALSE) -> 10:52 | AG17: 10:52 | AH17: =VLOOKUP(AG17,'스토리지_LUN(AS-IS)'!$B$4:$G$541,4,FALSE) -> VVR-vg_tsidx01 | AI17: =VLOOKUP(AG17,'스토리지_LUN(AS-IS)'!$B$4:$G$541,6,FALSE) -> 33 | AJ17: =VLOOKUP($AG17,'스토리지_LUN(TO-BE)'!$B$2:$G$347,4,FALSE) -> 05:52 | AM17: =VLOOKUP(F17,$F$580:$AM$608,34,FALSE) -> NB-DR-RDMP-0FAE-PKBTSDBR | AN17: =VLOOKUP(SUBSTITUTE(Q17,":",""),'naa정보-입력'!B15:C360,2,FALSE) -> #N/A | AO17: =_xlfn.CONCAT($AN$3,AN17," ","/vmfs/volumes/",AM17,"/",H17) -> #N/A | AP17: rm -f /vmfs/volumes/NB-DR-RDMP-0FAE-PKBTSDBR/pkbtsdbr1/pkbtsdbr1_10.vmdk
... A293: 10.146.106.58 | B293: B-SV-PKC-RE | C293: pkcrddbr1 | D293: 공통 | E293: 3,2 | F293: B-DR-RDMP-LUN197-PKCRDDBR | G293: naa.60060e80166221000001622100001f14 | H293: pkcrddbr1/pkcrddbr1_13.vmdk | I293: 0200b1000060060e80166221000001622100000f3e4f50454e2d56 | J293: naa.60060e80166221000001622100000f3e | K293: 10.146.106.58naa.60060e80166221000001622100000f3e | L293: vmhba4:C0:T2:L177 | M293: 16221 | N293: 0f32 | O293: 0f:3e | P293: 40 | Q293: =VLOOKUP($O293,'스토리지_LUN(TO-BE)'!$B$2:$G$347,4,FALSE) -> 0f:3e | V293: =VLOOKUP($N293,OS_Disk!$A$2:$F$573,2,FALSE) -> pkceuapr1 | W293: =VLOOKUP($N293,OS_Disk!$A$2:$F$573,3,FALSE) -> hitachi_vsp0_0f32 | Y293: =VLOOKUP($N293,OS_Disk!$A$2:$F$573,4,FALSE) -> sdg | Z293: =VLOOKUP($N293,OS_Disk!$A$2:$F$573,6,FALSE) -> 0.20050049 | AA293: =VLOOKUP($O293,Veritas_LUN!$D$3:$J$487,2,FALSE) -> pkcrddbr1/pkcrddbr2 | AB293: =VLOOKUP($O293,Veritas_LUN!$D$3:$J$487,3,FALSE) -> Lock Device | AC293: =VLOOKUP($O293,Veritas_LUN!$D$3:$J$487,4,FALSE) -> 1 | AD293: =VLOOKUP($O293,Veritas_LUN!$D$3:$J$487,5,FALSE) -> 0.2 | AE293: =VLOOKUP($O293,Veritas_LUN!$D$3:$J$487,7,FALSE) -> Lock Device | AF293: =VLOOKUP($O293,Veritas_LUN!$D$3:$K$487,8,FALSE) -> 0f:3e | AG293: 0f:3e | AH293: =VLOOKUP(AG293,'스토리지_LUN(AS-IS)'!$B$4:$G$541,4,FALSE) -> Lock Device | AI293: =VLOOKUP(AG293,'스토리지_LUN(AS-IS)'!$B$4:$G$541,6,FALSE) -> 0.2 | AJ293: =VLOOKUP($AG293,'스토리지_LUN(TO-BE)'!$B$2:$G$347,4,FALSE) -> 0f:3e | AM293: =VLOOKUP(F293,$F$580:$AM$608,34,FALSE) -> NB-DR-RDMP-0FB4-PKCRDDBR | AN293: =VLOOKUP(SUBSTITUTE(Q293,":",""),'naa정보-입력'!B291:C636,2,FALSE) -> #N/A | AO293: =_xlfn.CONCAT($AN$3,AN293," ","/vmfs/volumes/",AM293,"/",H293) -> #N/A | AP293: rm -f /vmfs/volumes/NB-DR-RDMP-0FB4-PKCRDDBR/pkcrddbr1/pkcrddbr1_13.vmdk
A294: 10.146.106.46 | B294: B-SV-PKM-RE | C294: pkmmssmr1 | D294: 관리 | E294: 0,2 | F294: B-DR-RDMP-LUN195-PKCMSSMR | G294: naa.60060e80166221000001622100001f1c | H294: pkcmssmr2/pkcmssmr2.vmdk | I294: 020004000060060e801662210000016221000000764f50454e2d56 | J294: naa.60060e80166221000001622100000076 | K294: 10.146.106.46naa.60060e80166221000001622100000076 | L294: vmhba4:C0:T0:L4 | M294: 16221 | N294: 0076 | O294: 00:76 | P294: 50 | Q294: =VLOOKUP($O294,'스토리지_LUN(TO-BE)'!$B$2:$G$347,4,FALSE) -> 00:76 | V294: pkmmssmr1 | W294: =VLOOKUP($N294,OS_Disk!$A$2:$F$574,3,FALSE) -> pkmmssmr1_lun | Y294: =VLOOKUP($N294,OS_Disk!$A$2:$F$574,4,FALSE) -> D 드라이브 | Z294: =VLOOKUP($N294,OS_Disk!$A$2:$F$574,6,FALSE) -> 220 | AA294: =VLOOKUP($O294,Veritas_LUN!$D$3:$J$487,2,FALSE) -> pkmmssmr1 | AB294: =VLOOKUP($O294,Veritas_LUN!$D$3:$J$487,3,FALSE) -> DR-SMS | AC294: =VLOOKUP($O294,Veritas_LUN!$D$3:$J$487,4,FALSE) -> 1 | AD294: =VLOOKUP($O294,Veritas_LUN!$D$3:$J$487,5,FALSE) -> 220 | AE294: =VLOOKUP($O294,Veritas_LUN!$D$3:$J$487,7,FALSE) -> vg_msfs02 | AF294: =VLOOKUP($O294,Veritas_LUN!$D$3:$K$487,8,FALSE) -> 00:76 | AG294: 00:76 | AH294: =VLOOKUP(AG294,'스토리지_LUN(AS-IS)'!$B$4:$G$541,4,FALSE) -> vg_msfs02 | AI294: =VLOOKUP(AG294,'스토리지_LUN(AS-IS)'!$B$4:$G$541,6,FALSE) -> 220 | AJ294: =VLOOKUP($AG294,'스토리지_LUN(TO-BE)'!$B$2:$G$347,4,FALSE) -> 00:76 | AM294: =VLOOKUP(F294,$F$580:$AM$608,34,FALSE) -> NB-DR-RDMP-0FBC-PKCMSSMR | AN294: =VLOOKUP(SUBSTITUTE(Q294,":",""),'naa정보-입력'!B292:C637,2,FALSE) -> #N/A | AO294: =_xlfn.CONCAT($AN$3,AN294," ","/vmfs/volumes/",AM294,"/",H294) -> #N/A | AP294: rm -f /vmfs/volumes/NB-DR-RDMP-0FBC-PKCMSSMR/pkcmssmr2/pkcmssmr2.vmdk
A295: 10.146.106.53 | B295: B-SV-PKM-RE | C295: pkmmsbkr3 | D295: 관리 | E295: 1,0 | F295: B-DR-RDMP-LUN192-PKFMSBKR | G295: naa.60060e80166221000001622100001f15 | H295: pkfmsbkr1/pkfmsbkr1.vmdk | I295: 020000000060060e801662210000016221000000724f50454e2d56 | J295: naa.60060e80166221000001622100000072 | K295: 10.146.106.53naa.60060e80166221000001622100000072 | L295: vmhba4:C0:T0:L0 | M295: 16221 | N295: 0072 | O295: 00:72 | P295: 680.00061 | Q295: =VLOOKUP($O295,'스토리지_LUN(TO-BE)'!$B$2:$G$347,4,FALSE) -> 00:72 | V295: =VLOOKUP($N295,OS_Disk!$A$2:$F$573,2,FALSE) -> pkmmsbkr3 | W295: =VLOOKUP($N295,OS_Disk!$A$2:$F$573,3,FALSE) -> hitachi_vsp0_0072 | Y295: =VLOOKUP($N295,OS_Disk!$A$2:$F$573,4,FALSE) -> sdf | Z295: =VLOOKUP($N295,OS_Disk!$A$2:$F$573,6,FALSE) -> 35.00061 | AA295: =VLOOKUP($O295,Veritas_LUN!$D$3:$J$487,2,FALSE) -> pkmmsbkr3/pkmmsbkr4 | AB295: =VLOOKUP($O295,Veritas_LUN!$D$3:$J$487,3,FALSE) -> vg_mscfs04 | AC295: =VLOOKUP($O295,Veritas_LUN!$D$3:$J$487,4,FALSE) -> 1 | AD295: =VLOOKUP($O295,Veritas_LUN!$D$3:$J$487,5,FALSE) -> 35 | AE295: =VLOOKUP($O295,Veritas_LUN!$D$3:$J$487,7,FALSE) -> vg_ms1fs01 | AF295: =VLOOKUP($O295,Veritas_LUN!$D$3:$K$487,8,FALSE) -> 00:72 | AG295: 00:72 | AH295: =VLOOKUP(AG295,'스토리지_LUN(AS-IS)'!$B$4:$G$541,4,FALSE) -> vg_ms1fs01 | AI295: =VLOOKUP(AG295,'스토리지_LUN(AS-IS)'!$B$4:$G$541,6,FALSE) -> 35 | AJ295: =VLOOKUP($AG295,'스토리지_LUN(TO-BE)'!$B$2:$G$347,4,FALSE) -> 00:72 | AM295: =VLOOKUP(F295,$F$580:$AM$608,34,FALSE) -> NB-DR-RDMP-0FB5-PKFMSBKR | AN295: =VLOOKUP(SUBSTITUTE(Q295,":",""),'naa정보-입력'!B293:C638,2,FALSE) -> #N/A | AO295: =_xlfn.CONCAT($AN$3,AN295," ","/vmfs/volumes/",AM295,"/",H295) -> #N/A | AP295: rm -f /vmfs/volumes/NB-DR-RDMP-0FB5-PKFMSBKR/pkfmsbkr1/pkfmsbkr1.vmdk
A296: 10.146.106.53 | B296: B-SV-PKM-RE | C296: pkmmsbkr3 | D296: 관리 | E296: 1,1 | F296: B-DR-RDMP-LUN193-PKFMSBKR | G296: naa.60060e80166221000001622100001f16 | H296: pkfmsbkr1/pkfmsbkr1.vmdk | I296: 020001000060060e801662210000016221000000734f50454e2d56 | J296: naa.60060e80166221000001622100000073 | K296: 10.146.106.53naa.60060e80166221000001622100000073 | L296: vmhba4:C0:T0:L1 | M296: 16221 | N296: 0073 | O296: 00:73 | P296: 210 | Q296: =VLOOKUP($O296,'스토리지_LUN(TO-BE)'!$B$2:$G$347,4,FALSE) -> 00:73 | V296: =VLOOKUP($N296,OS_Disk!$A$2:$F$573,2,FALSE) -> pkmmsbkr3 | W296: =VLOOKUP($N296,OS_Disk!$A$2:$F$573,3,FALSE) -> hitachi_vsp0_0073 | Y296: =VLOOKUP($N296,OS_Disk!$A$2:$F$573,4,FALSE) -> sdg | Z296: =VLOOKUP($N296,OS_Disk!$A$2:$F$573,6,FALSE) -> 700.00031 | AA296: =VLOOKUP($O296,Veritas_LUN!$D$3:$J$487,2,FALSE) -> pkmmsbkr3/pkmmsbkr4 | AB296: =VLOOKUP($O296,Veritas_LUN!$D$3:$J$487,3,FALSE) -> vg_msfs01 | AC296: =VLOOKUP($O296,Veritas_LUN!$D$3:$J$487,4,FALSE) -> 1 | AD296: =VLOOKUP($O296,Veritas_LUN!$D$3:$J$487,5,FALSE) -> 700 | AE296: =VLOOKUP($O296,Veritas_LUN!$D$3:$J$487,7,FALSE) -> vg_mscfs01 | AF296: =VLOOKUP($O296,Veritas_LUN!$D$3:$K$487,8,FALSE) -> 00:73 | AG296: 00:73 | AH296: =VLOOKUP(AG296,'스토리지_LUN(AS-IS)'!$B$4:$G$541,4,FALSE) -> vg_mscfs01 | AI296: =VLOOKUP(AG296,'스토리지_LUN(AS-IS)'!$B$4:$G$541,6,FALSE) -> 700 | AJ296: =VLOOKUP($AG296,'스토리지_LUN(TO-BE)'!$B$2:$G$347,4,FALSE) -> 00:73 | AM296: =VLOOKUP(F296,$F$580:$AM$608,34,FALSE) -> NB-DR-RDMP-0FB6-PKFMSBKR | AN296: =VLOOKUP(SUBSTITUTE(Q296,":",""),'naa정보-입력'!B294:C639,2,FALSE) -> #N/A | AO296: =_xlfn.CONCAT($AN$3,AN296," ","/vmfs/volumes/",AM296,"/",H296) -> #N/A | AP296: rm -f /vmfs/volumes/NB-DR-RDMP-0FB6-PKFMSBKR/pkfmsbkr1/pkfmsbkr1.vmdk
A297: 10.146.106.53 | B297: B-SV-PKM-RE | C297: pkmmsbkr3 | D297: 관리 | E297: 1,2 | F297: B-DR-RDMP-LUN193-PKFMSBKR | G297: naa.60060e80166221000001622100001f16 | H297: pkfmsbkr1/pkfmsbkr1_1.vmdk | I297: 020002000060060e801662210000016221000000744f50454e2d56 | J297: naa.60060e80166221000001622100000074 | K297: 10.146.106.53naa.60060e80166221000001622100000074 | L297: vmhba4:C0:T0:L2 | M297: 16221 | N297: 0074 | O297: 00:74 | P297: 65.00061 | Q297: =VLOOKUP($O297,'스토리지_LUN(TO-BE)'!$B$2:$G$347,4,FALSE) -> 00:74 | V297: =VLOOKUP($N297,OS_Disk!$A$2:$F$573,2,FALSE) -> pkmmsbkr3 | W297: =VLOOKUP($N297,OS_Disk!$A$2:$F$573,3,FALSE) -> hitachi_vsp0_0074 | Y297: =VLOOKUP($N297,OS_Disk!$A$2:$F$573,4,FALSE) -> sdh | Z297: =VLOOKUP($N297,OS_Disk!$A$2:$F$573,6,FALSE) -> 210 | AA297: =VLOOKUP($O297,Veritas_LUN!$D$3:$J$487,2,FALSE) -> pkmmsbkr3/pkmmsbkr4 | AB297: =VLOOKUP($O297,Veritas_LUN!$D$3:$J$487,3,FALSE) -> vg_mscfs01 | AC297: =VLOOKUP($O297,Veritas_LUN!$D$3:$J$487,4,FALSE) -> 1 | AD297: =VLOOKUP($O297,Veritas_LUN!$D$3:$J$487,5,FALSE) -> 210 | AE297: =VLOOKUP($O297,Veritas_LUN!$D$3:$J$487,7,FALSE) -> vg_mscfs02 | AF297: =VLOOKUP($O297,Veritas_LUN!$D$3:$K$487,8,FALSE) -> 00:74 | AG297: 00:74 | AH297: =VLOOKUP(AG297,'스토리지_LUN(AS-IS)'!$B$4:$G$541,4,FALSE) -> vg_mscfs02 | AI297: =VLOOKUP(AG297,'스토리지_LUN(AS-IS)'!$B$4:$G$541,6,FALSE) -> 210 | AJ297: =VLOOKUP($AG297,'스토리지_LUN(TO-BE)'!$B$2:$G$347,4,FALSE) -> 00:74 | AM297: =VLOOKUP(F297,$F$580:$AM$608,34,FALSE) -> NB-DR-RDMP-0FB6-PKFMSBKR | AN297: =VLOOKUP(SUBSTITUTE(Q297,":",""),'naa정보-입력'!B295:C640,2,FALSE) -> #N/A | AO297: =_xlfn.CONCAT($AN$3,AN297," ","/vmfs/volumes/",AM297,"/",H297) -> #N/A | AP297: rm -f /vmfs/volumes/NB-DR-RDMP-0FB6-PKFMSBKR/pkfmsbkr1/pkfmsbkr1_1.vmdk
A298: 10.146.106.53 | B298: B-SV-PKM-RE | C298: pkmmsbkr3 | D298: 관리 | E298: 1,3 | F298: B-DR-RDMP-LUN193-PKFMSBKR | G298: naa.60060e80166221000001622100001f16 | H298: pkfmsbkr1/pkfmsbkr1_2.vmdk | I298: 020003000060060e801662210000016221000000754f50454e2d56 | J298: naa.60060e80166221000001622100000075 | K298: 10.146.106.53naa.60060e80166221000001622100000075 | L298: vmhba4:C0:T0:L3 | M298: 16221 | N298: 0075 | O298: 00:75 | P298: 3.500061 | Q298: =VLOOKUP($O298,'스토리지_LUN(TO-BE)'!$B$2:$G$347,4,FALSE) -> 00:75 | V298: =VLOOKUP($N298,OS_Disk!$A$2:$F$573,2,FALSE) -> pkmmsbkr3 | W298: =VLOOKUP($N298,OS_Disk!$A$2:$F$573,3,FALSE) -> hitachi_vsp0_0075 | Y298: =VLOOKUP($N298,OS_Disk!$A$2:$F$573,4,FALSE) -> sdi | Z298: =VLOOKUP($N298,OS_Disk!$A$2:$F$573,6,FALSE) -> 65.00061 | AA298: =VLOOKUP($O298,Veritas_LUN!$D$3:$J$487,2,FALSE) -> pkmmsbkr3/pkmmsbkr4 | AB298: =VLOOKUP($O298,Veritas_LUN!$D$3:$J$487,3,FALSE) -> vg_mscfs02 | AC298: =VLOOKUP($O298,Veritas_LUN!$D$3:$J$487,4,FALSE) -> 1 | AD298: =VLOOKUP($O298,Veritas_LUN!$D$3:$J$487,5,FALSE) -> 65 | AE298: =VLOOKUP($O298,Veritas_LUN!$D$3:$J$487,7,FALSE) -> vg_mscfs03 | AF298: =VLOOKUP($O298,Veritas_LUN!$D$3:$K$487,8,FALSE) -> 00:75 | AG298: 00:75 | AH298: =VLOOKUP(AG298,'스토리지_LUN(AS-IS)'!$B$4:$G$541,4,FALSE) -> vg_mscfs03 | AI298: =VLOOKUP(AG298,'스토리지_LUN(AS-IS)'!$B$4:$G$541,6,FALSE) -> 65 | AJ298: =VLOOKUP($AG298,'스토리지_LUN(TO-BE)'!$B$2:$G$347,4,FALSE) -> 00:75 | AM298: =VLOOKUP(F298,$F$580:$AM$608,34,FALSE) -> NB-DR-RDMP-0FB6-PKFMSBKR | AN298: =VLOOKUP(SUBSTITUTE(Q298,":",""),'naa정보-입력'!B296:C641,2,FALSE) -> #N/A | AO298: =_xlfn.CONCAT($AN$3,AN298," ","/vmfs/volumes/",AM298,"/",H298) -> #N/A | AP298: rm -f /vmfs/volumes/NB-DR-RDMP-0FB6-PKFMSBKR/pkfmsbkr1/pkfmsbkr1_2.vmdk
A299: 10.146.106.53 | B299: B-SV-PKM-RE | C299: pkmmsbkr3 | D299: 관리 | E299: 2,0 | F299: B-DR-RDMP-LUN192-PKFMSBKR | G299: naa.60060e80166221000001622100001f15 | H299: pkfmsbkr1/pkfmsbkr1_1.vmdk | I299: 020050000060060e801662210000016221000010724f50454e2d56 | J299: naa.60060e80166221000001622100001072 | K299: 10.146.106.53naa.60060e80166221000001622100001072 | L299: vmhba4:C0:T0:L80 | M299: 16221 | N299: 1072 | O299: 10:72 | P299: 68.000793 | Q299: =VLOOKUP($O299,'스토리지_LUN(TO-BE)'!$B$2:$G$347,4,FALSE) -> 05:72 | V299: =VLOOKUP($N299,OS_Disk!$A$2:$F$573,2,FALSE) -> pkmmsbkr3 | W299: =VLOOKUP($N299,OS_Disk!$A$2:$F$573,3,FALSE) -> hitachi_vsp0_1072 | Y299: =VLOOKUP($N299,OS_Disk!$A$2:$F$573,4,FALSE) -> sdj | Z299: =VLOOKUP($N299,OS_Disk!$A$2:$F$573,6,FALSE) -> 3.500061 | AA299: =VLOOKUP($O299,Veritas_LUN!$D$3:$J$487,2,FALSE) -> pkmmsbkr3/pkmmsbkr4 | AB299: =VLOOKUP($O299,Veritas_LUN!$D$3:$J$487,3,FALSE) -> none | AC299: =VLOOKUP($O299,Veritas_LUN!$D$3:$J$487,4,FALSE) -> 1 | AD299: =VLOOKUP($O299,Veritas_LUN!$D$3:$J$487,5,FALSE) -> 3.5 | AE299: =VLOOKUP($O299,Veritas_LUN!$D$3:$J$487,7,FALSE) -> VVR-vg_ms1fs01 | AF299: =VLOOKUP($O299,Veritas_LUN!$D$3:$K$487,8,FALSE) -> 10:72 | AG299: 10:72 | AH299: =VLOOKUP(AG299,'스토리지_LUN(AS-IS)'!$B$4:$G$541,4,FALSE) -> VVR-vg_ms1fs01 | AI299: =VLOOKUP(AG299,'스토리지_LUN(AS-IS)'!$B$4:$G$541,6,FALSE) -> 3.5 | AJ299: =VLOOKUP($AG299,'스토리지_LUN(TO-BE)'!$B$2:$G$347,4,FALSE) -> 05:72 | AM299: =VLOOKUP(F299,$F$580:$AM$608,34,FALSE) -> NB-DR-RDMP-0FB5-PKFMSBKR | AN299: =VLOOKUP(SUBSTITUTE(Q299,":",""),'naa정보-입력'!B297:C642,2,FALSE) -> #N/A | AO299: =_xlfn.CONCAT($AN$3,AN299," ","/vmfs/volumes/",AM299,"/",H299) -> #N/A | AP299: rm -f /vmfs/volumes/NB-DR-RDMP-0FB5-PKFMSBKR/pkfmsbkr1/pkfmsbkr1_1.vmdk
A300: 10.146.106.53 | B300: B-SV-PKM-RE | C300: pkmmsbkr3 | D300: 관리 | E300: 2,1 | F300: B-DR-RDMP-LUN193-PKFMSBKR | G300: naa.60060e80166221000001622100001f16 | H300: pkfmsbkr1/pkfmsbkr1_3.vmdk | I300: 020051000060060e801662210000016221000010734f50454e2d56 | J300: naa.60060e80166221000001622100001073 | K300: 10.146.106.53naa.60060e80166221000001622100001073 | L300: vmhba4:C0:T0:L81 | M300: 16221 | N300: 1073 | O300: 10:73 | P300: 21.000366 | Q300: =VLOOKUP($O300,'스토리지_LUN(TO-BE)'!$B$2:$G$347,4,FALSE) -> 05:73 | V300: =VLOOKUP($N300,OS_Disk!$A$2:$F$573,2,FALSE) -> pkmmsbkr3 | W300: =VLOOKUP($N300,OS_Disk!$A$2:$F$573,3,FALSE) -> hitachi_vsp0_1073 | Y300: =VLOOKUP($N300,OS_Disk!$A$2:$F$573,4,FALSE) -> sdk | Z300: =VLOOKUP($N300,OS_Disk!$A$2:$F$573,6,FALSE) -> 70.000305 | AA300: =VLOOKUP($O300,Veritas_LUN!$D$3:$J$487,2,FALSE) -> pkmmsbkr3/pkmmsbkr4 | AB300: =VLOOKUP($O300,Veritas_LUN!$D$3:$J$487,3,FALSE) -> none | AC300: =VLOOKUP($O300,Veritas_LUN!$D$3:$J$487,4,FALSE) -> 1 | AD300: =VLOOKUP($O300,Veritas_LUN!$D$3:$J$487,5,FALSE) -> 70 | AE300: =VLOOKUP($O300,Veritas_LUN!$D$3:$J$487,7,FALSE) -> VVR-vg_mscfs01 | AF300: =VLOOKUP($O300,Veritas_LUN!$D$3:$K$487,8,FALSE) -> 10:73 | AG300: 10:73 | AH300: =VLOOKUP(AG300,'스토리지_LUN(AS-IS)'!$B$4:$G$541,4,FALSE) -> VVR-vg_mscfs01 | AI300: =VLOOKUP(AG300,'스토리지_LUN(AS-IS)'!$B$4:$G$541,6,FALSE) -> 70 | AJ300: =VLOOKUP($AG300,'스토리지_LUN(TO-BE)'!$B$2:$G$347,4,FALSE) -> 05:73 | AM300: =VLOOKUP(F300,$F$580:$AM$608,34,FALSE) -> NB-DR-RDMP-0FB6-PKFMSBKR | AN300: =VLOOKUP(SUBSTITUTE(Q300,":",""),'naa정보-입력'!B298:C643,2,FALSE) -> #N/A | AO300: =_xlfn.CONCAT($AN$3,AN300," ","/vmfs/volumes/",AM300,"/",H300) -> #N/A | AP300: rm -f /vmfs/volumes/NB-DR-RDMP-0FB6-PKFMSBKR/pkfmsbkr1/pkfmsbkr1_3.vmdk
A301: 10.146.106.53 | B301: B-SV-PKM-RE | C301: pkmmsbkr3 | D301: 관리 | E301: 2,2 | F301: B-DR-RDMP-LUN193-PKFMSBKR | G301: naa.60060e80166221000001622100001f16 | H301: pkfmsbkr1/pkfmsbkr1_4.vmdk | I301: 020052000060060e801662210000016221000010744f50454e2d56 | J301: naa.60060e80166221000001622100001074 | K301: 10.146.106.53naa.60060e80166221000001622100001074 | L301: vmhba4:C0:T0:L82 | M301: 16221 | N301: 1074 | O301: 10:74 | P301: 6.5002441 | Q301: =VLOOKUP($O301,'스토리지_LUN(TO-BE)'!$B$2:$G$347,4,FALSE) -> 05:74 | V301: =VLOOKUP($N301,OS_Disk!$A$2:$F$573,2,FALSE) -> pkmmsbkr3 | W301: =VLOOKUP($N301,OS_Disk!$A$2:$F$573,3,FALSE) -> hitachi_vsp0_1074 | Y301: =VLOOKUP($N301,OS_Disk!$A$2:$F$573,4,FALSE) -> sdl | Z301: =VLOOKUP($N301,OS_Disk!$A$2:$F$573,6,FALSE) -> 21.000366 | AA301: =VLOOKUP($O301,Veritas_LUN!$D$3:$J$487,2,FALSE) -> pkmmsbkr3/pkmmsbkr4 | AB301: =VLOOKUP($O301,Veritas_LUN!$D$3:$J$487,3,FALSE) -> none | AC301: =VLOOKUP($O301,Veritas_LUN!$D$3:$J$487,4,FALSE) -> 1 | AD301: =VLOOKUP($O301,Veritas_LUN!$D$3:$J$487,5,FALSE) -> 21 | AE301: =VLOOKUP($O301,Veritas_LUN!$D$3:$J$487,7,FALSE) -> VVR-vg_mscfs02 | AF301: =VLOOKUP($O301,Veritas_LUN!$D$3:$K$487,8,FALSE) -> 10:74 | AG301: 10:74 | AH301: =VLOOKUP(AG301,'스토리지_LUN(AS-IS)'!$B$4:$G$541,4,FALSE) -> VVR-vg_mscfs02 | AI301: =VLOOKUP(AG301,'스토리지_LUN(AS-IS)'!$B$4:$G$541,6,FALSE) -> 21 | AJ301: =VLOOKUP($AG301,'스토리지_LUN(TO-BE)'!$B$2:$G$347,4,FALSE) -> 05:74 | AM301: =VLOOKUP(F301,$F$580:$AM$608,34,FALSE) -> NB-DR-RDMP-0FB6-PKFMSBKR | AN301: =VLOOKUP(SUBSTITUTE(Q301,":",""),'naa정보-입력'!B299:C644,2,FALSE) -> #N/A | AO301: =_xlfn.CONCAT($AN$3,AN301," ","/vmfs/volumes/",AM301,"/",H301) -> #N/A | AP301: rm -f /vmfs/volumes/NB-DR-RDMP-0FB6-PKFMSBKR/pkfmsbkr1/pkfmsbkr1_4.vmdk
A302: 10.146.106.53 | B302: B-SV-PKM-RE | C302: pkmmsbkr3 | D302: 관리 | E302: 2,3 | F302: B-DR-RDMP-LUN193-PKFMSBKR | G302: naa.60060e80166221000001622100001f16 | H302: pkfmsbkr1/pkfmsbkr1_5.vmdk | I302: 020053000060060e801662210000016221000010754f50454e2d56 | J302: naa.60060e80166221000001622100001075 | K302: 10.146.106.53naa.60060e80166221000001622100001075 | L302: vmhba4:C0:T0:L83 | M302: 16221 | N302: 1075 | O302: 10:75 | P302: 0.20050049 | Q302: =VLOOKUP($O302,'스토리지_LUN(TO-BE)'!$B$2:$G$347,4,FALSE) -> 05:75 | V302: =VLOOKUP($N302,OS_Disk!$A$2:$F$573,2,FALSE) -> pkmmsbkr3 | W302: =VLOOKUP($N302,OS_Disk!$A$2:$F$573,3,FALSE) -> hitachi_vsp0_1075 | Y302: =VLOOKUP($N302,OS_Disk!$A$2:$F$573,4,FALSE) -> sdm | Z302: =VLOOKUP($N302,OS_Disk!$A$2:$F$573,6,FALSE) -> 6.5002441 | AA302: =VLOOKUP($O302,Veritas_LUN!$D$3:$J$487,2,FALSE) -> pkmmsbkr3/pkmmsbkr4 | AB302: =VLOOKUP($O302,Veritas_LUN!$D$3:$J$487,3,FALSE) -> none | AC302: =VLOOKUP($O302,Veritas_LUN!$D$3:$J$487,4,FALSE) -> 1 | AD302: =VLOOKUP($O302,Veritas_LUN!$D$3:$J$487,5,FALSE) -> 6.5 | AE302: =VLOOKUP($O302,Veritas_LUN!$D$3:$J$487,7,FALSE) -> VVR-vg_mscfs03 | AF302: =VLOOKUP($O302,Veritas_LUN!$D$3:$K$487,8,FALSE) -> 10:75 | AG302: 10:75 | AH302: =VLOOKUP(AG302,'스토리지_LUN(AS-IS)'!$B$4:$G$541,4,FALSE) -> VVR-vg_mscfs03 | AI302: =VLOOKUP(AG302,'스토리지_LUN(AS-IS)'!$B$4:$G$541,6,FALSE) -> 6.5 | AJ302: =VLOOKUP($AG302,'스토리지_LUN(TO-BE)'!$B$2:$G$347,4,FALSE) -> 05:75 | AM302: =VLOOKUP(F302,$F$580:$AM$608,34,FALSE) -> NB-DR-RDMP-0FB6-PKFMSBKR | AN302: =VLOOKUP(SUBSTITUTE(Q302,":",""),'naa정보-입력'!B300:C645,2,FALSE) -> #N/A | AO302: =_xlfn.CONCAT($AN$3,AN302," ","/vmfs/volumes/",AM302,"/",H302) -> #N/A | AP302: rm -f /vmfs/volumes/NB-DR-RDMP-0FB6-PKFMSBKR/pkfmsbkr1/pkfmsbkr1_5.vmdk
A303: 10.146.106.53 | B303: B-SV-PKM-RE | C303: pkmmsbkr3 | D303: 관리 | E303: 3,0 | F303: B-DR-RDMP-LUN192-PKFMSBKR | G303: naa.60060e80166221000001622100001f15 | H303: pkfmsbkr1/pkfmsbkr1_2.vmdk | I303: 0200a0000060060e80166221000001622100000f3f4f50454e2d56 | J303: naa.60060e80166221000001622100000f3f | K303: 10.146.106.53naa.60060e80166221000001622100000f3f | L303: vmhba4:C0:T1:L160 | M303: 16221 | N303: 0f3f | O303: 0f:3f | P303: 0.20050049 | Q303: =VLOOKUP($O303,'스토리지_LUN(TO-BE)'!$B$2:$G$347,4,FALSE) -> 0f:3f | V303: =VLOOKUP($N303,OS_Disk!$A$2:$F$573,2,FALSE) -> pkmmsbkr3 | W303: =VLOOKUP($N303,OS_Disk!$A$2:$F$573,3,FALSE) -> hitachi_vsp0_0f3f | Y303: =VLOOKUP($N303,OS_Disk!$A$2:$F$573,4,FALSE) -> sdc | Z303: =VLOOKUP($N303,OS_Disk!$A$2:$F$573,6,FALSE) -> 0.20050049 | AA303: =VLOOKUP($O303,Veritas_LUN!$D$3:$J$487,2,FALSE) -> pkmmsbkr3/pkmmsbkr4 | AB303: =VLOOKUP($O303,Veritas_LUN!$D$3:$J$487,3,FALSE) -> Lock Device | AC303: =VLOOKUP($O303,Veritas_LUN!$D$3:$J$487,4,FALSE) -> 1 | AD303: =VLOOKUP($O303,Veritas_LUN!$D$3:$J$487,5,FALSE) -> 0.2 | AE303: =VLOOKUP($O303,Veritas_LUN!$D$3:$J$487,7,FALSE) -> Lock Device | AF303: =VLOOKUP($O303,Veritas_LUN!$D$3:$K$487,8,FALSE) -> 0f:3f | AG303: 0f:3f | AH303: =VLOOKUP(AG303,'스토리지_LUN(AS-IS)'!$B$4:$G$541,4,FALSE) -> Lock Device | AI303: =VLOOKUP(AG303,'스토리지_LUN(AS-IS)'!$B$4:$G$541,6,FALSE) -> 0.2 | AJ303: =VLOOKUP($AG303,'스토리지_LUN(TO-BE)'!$B$2:$G$347,4,FALSE) -> 0f:3f | AM303: =VLOOKUP(F303,$F$580:$AM$608,34,FALSE) -> NB-DR-RDMP-0FB5-PKFMSBKR | AN303: =VLOOKUP(SUBSTITUTE(Q303,":",""),'naa정보-입력'!B301:C646,2,FALSE) -> #N/A | AO303: =_xlfn.CONCAT($AN$3,AN303," ","/vmfs/volumes/",AM303,"/",H303) -> #N/A | AP303: rm -f /vmfs/volumes/NB-DR-RDMP-0FB5-PKFMSBKR/pkfmsbkr1/pkfmsbkr1_2.vmdk
A304: 10.146.106.53 | B304: B-SV-PKM-RE | C304: pkmmsbkr3 | D304: 관리 | E304: 3,1 | F304: B-DR-RDMP-LUN192-PKFMSBKR | G304: naa.60060e80166221000001622100001f15 | H304: pkfmsbkr1/pkfmsbkr1_3.vmdk | I304: 0200a1000060060e80166221000001622100000f404f50454e2d56 | J304: naa.60060e80166221000001622100000f40 | K304: 10.146.106.53naa.60060e80166221000001622100000f40 | L304: vmhba4:C0:T1:L161 | M304: 16221 | N304: 0f40 | O304: 0f:40 | P304: 0.20050049 | Q304: =VLOOKUP($O304,'스토리지_LUN(TO-BE)'!$B$2:$G$347,4,FALSE) -> 0f:40 | V304: =VLOOKUP($N304,OS_Disk!$A$2:$F$573,2,FALSE) -> pkmmsbkr3 | W304: =VLOOKUP($N304,OS_Disk!$A$2:$F$573,3,FALSE) -> hitachi_vsp0_0f40 | Y304: =VLOOKUP($N304,OS_Disk!$A$2:$F$573,4,FALSE) -> sdd | Z304: =VLOOKUP($N304,OS_Disk!$A$2:$F$573,6,FALSE) -> 0.20050049 | AA304: =VLOOKUP($O304,Veritas_LUN!$D$3:$J$487,2,FALSE) -> pkmmsbkr3/pkmmsbkr4 | AB304: =VLOOKUP($O304,Veritas_LUN!$D$3:$J$487,3,FALSE) -> Lock Device | AC304: =VLOOKUP($O304,Veritas_LUN!$D$3:$J$487,4,FALSE) -> 1 | AD304: =VLOOKUP($O304,Veritas_LUN!$D$3:$J$487,5,FALSE) -> 0.2 | AE304: =VLOOKUP($O304,Veritas_LUN!$D$3:$J$487,7,FALSE) -> Lock Device | AF304: =VLOOKUP($O304,Veritas_LUN!$D$3:$K$487,8,FALSE) -> 0f:40 | AG304: 0f:40 | AH304: =VLOOKUP(AG304,'스토리지_LUN(AS-IS)'!$B$4:$G$541,4,FALSE) -> Lock Device | AI304: =VLOOKUP(AG304,'스토리지_LUN(AS-IS)'!$B$4:$G$541,6,FALSE) -> 0.2 | AJ304: =VLOOKUP($AG304,'스토리지_LUN(TO-BE)'!$B$2:$G$347,4,FALSE) -> 0f:40 | AM304: =VLOOKUP(F304,$F$580:$AM$608,34,FALSE) -> NB-DR-RDMP-0FB5-PKFMSBKR | AN304: =VLOOKUP(SUBSTITUTE(Q304,":",""),'naa정보-입력'!B302:C647,2,FALSE) -> #N/A | AO304: =_xlfn.CONCAT($AN$3,AN304," ","/vmfs/volumes/",AM304,"/",H304) -> #N/A | AP304: rm -f /vmfs/volumes/NB-DR-RDMP-0FB5-PKFMSBKR/pkfmsbkr1/pkfmsbkr1_3.vmdk
A305: 10.146.106.53 | B305: B-SV-PKM-RE | C305: pkmmsbkr3 | D305: 관리 | E305: 3,2 | F305: B-DR-RDMP-LUN192-PKFMSBKR | G305: naa.60060e80166221000001622100001f15 | H305: pkfmsbkr1/pkfmsbkr1_4.vmdk | I305: 0200a2000060060e80166221000001622100000f414f50454e2d56 | J305: naa.60060e80166221000001622100000f41 | K305: 10.146.106.53naa.60060e80166221000001622100000f41 | L305: vmhba4:C0:T1:L162 | M305: 16221 | N305: 0f41 | O305: 0f:41 | P305: 40 | Q305: =VLOOKUP($O305,'스토리지_LUN(TO-BE)'!$B$2:$G$347,4,FALSE) -> 0f:41 | V305: =VLOOKUP($N305,OS_Disk!$A$2:$F$573,2,FALSE) -> pkmmsbkr3 | W305: =VLOOKUP($N305,OS_Disk!$A$2:$F$573,3,FALSE) -> hitachi_vsp0_0f41 | Y305: =VLOOKUP($N305,OS_Disk!$A$2:$F$573,4,FALSE) -> sde | Z305: =VLOOKUP($N305,OS_Disk!$A$2:$F$573,6,FALSE) -> 0.20050049 | AA305: =VLOOKUP($O305,Veritas_LUN!$D$3:$J$487,2,FALSE) -> pkmmsbkr3/pkmmsbkr4 | AB305: =VLOOKUP($O305,Veritas_LUN!$D$3:$J$487,3,FALSE) -> Lock Device | AC305: =VLOOKUP($O305,Veritas_LUN!$D$3:$J$487,4,FALSE) -> 1 | AD305: =VLOOKUP($O305,Veritas_LUN!$D$3:$J$487,5,FALSE) -> 0.2 | AE305: =VLOOKUP($O305,Veritas_LUN!$D$3:$J$487,7,FALSE) -> Lock Device | AF305: =VLOOKUP($O305,Veritas_LUN!$D$3:$K$487,8,FALSE) -> 0f:41 | AG305: 0f:41 | AH305: =VLOOKUP(AG305,'스토리지_LUN(AS-IS)'!$B$4:$G$541,4,FALSE) -> Lock Device | AI305: =VLOOKUP(AG305,'스토리지_LUN(AS-IS)'!$B$4:$G$541,6,FALSE) -> 0.2 | AJ305: =VLOOKUP($AG305,'스토리지_LUN(TO-BE)'!$B$2:$G$347,4,FALSE) -> 0f:41 | AM305: =VLOOKUP(F305,$F$580:$AM$608,34,FALSE) -> NB-DR-RDMP-0FB5-PKFMSBKR | AN305: =VLOOKUP(SUBSTITUTE(Q305,":",""),'naa정보-입력'!B303:C648,2,FALSE) -> #N/A | AO305: =_xlfn.CONCAT($AN$3,AN305," ","/vmfs/volumes/",AM305,"/",H305) -> #N/A | AP305: rm -f /vmfs/volumes/NB-DR-RDMP-0FB5-PKFMSBKR/pkfmsbkr1/pkfmsbkr1_4.vmdk
A306: 10.146.106.57 | B306: B-SV-PKM-RE | C306: pkmmsbkr4 | D306: 관리 | E306: 1,0 | F306: B-DR-RDMP-LUN192-PKFMSBKR | G306: naa.60060e80166221000001622100001f15 | H306: pkfmsbkr1/pkfmsbkr1.vmdk | I306: 020000000060060e801662210000016221000000724f50454e2d56 | J306: naa.60060e80166221000001622100000072 | K306: 10.146.106.57naa.60060e80166221000001622100000072 | L306: vmhba4:C0:T0:L0 | M306: 16221 | N306: 0072 | O306: 00:72 | P306: 680.00061 | Q306: =VLOOKUP($O306,'스토리지_LUN(TO-BE)'!$B$2:$G$347,4,FALSE) -> 00:72 | V306: =VLOOKUP($N306,OS_Disk!$A$2:$F$573,2,FALSE) -> pkmmsbkr3 | W306: =VLOOKUP($N306,OS_Disk!$A$2:$F$573,3,FALSE) -> hitachi_vsp0_0072 | Y306: =VLOOKUP($N306,OS_Disk!$A$2:$F$573,4,FALSE) -> sdf | Z306: =VLOOKUP($N306,OS_Disk!$A$2:$F$573,6,FALSE) -> 35.00061 | AA306: =VLOOKUP($O306,Veritas_LUN!$D$3:$J$487,2,FALSE) -> pkmmsbkr3/pkmmsbkr4 | AB306: =VLOOKUP($O306,Veritas_LUN!$D$3:$J$487,3,FALSE) -> vg_mscfs04 | AC306: =VLOOKUP($O306,Veritas_LUN!$D$3:$J$487,4,FALSE) -> 1 | AD306: =VLOOKUP($O306,Veritas_LUN!$D$3:$J$487,5,FALSE) -> 35 | AE306: =VLOOKUP($O306,Veritas_LUN!$D$3:$J$487,7,FALSE) -> vg_ms1fs01 | AF306: =VLOOKUP($O306,Veritas_LUN!$D$3:$K$487,8,FALSE) -> 00:72 | AG306: 00:72 | AH306: =VLOOKUP(AG306,'스토리지_LUN(AS-IS)'!$B$4:$G$541,4,FALSE) -> vg_ms1fs01 | AI306: =VLOOKUP(AG306,'스토리지_LUN(AS-IS)'!$B$4:$G$541,6,FALSE) -> 35 | AJ306: =VLOOKUP($AG306,'스토리지_LUN(TO-BE)'!$B$2:$G$347,4,FALSE) -> 00:72 | AM306: =VLOOKUP(F306,$F$580:$AM$608,34,FALSE) -> NB-DR-RDMP-0FB5-PKFMSBKR | AN306: =VLOOKUP(SUBSTITUTE(Q306,":",""),'naa정보-입력'!B304:C649,2,FALSE) -> #N/A | AO306: =_xlfn.CONCAT($AN$3,AN306," ","/vmfs/volumes/",AM306,"/",H306) -> #N/A | AP306: rm -f /vmfs/volumes/NB-DR-RDMP-0FB5-PKFMSBKR/pkfmsbkr1/pkfmsbkr1.vmdk
... A578: 10.146.106.65 | B578: B-SV-PKS-RI | C578: pkstsapr2 | D578: 유가 | E578: 3,2 | F578: B-DR-RDMP-LUN195-PKSTSAPR | G578: naa.60060e80166221000001622100001f03 | H578: pkstsapr1/pkstsapr1_10.vmdk | I578: 0200ab000060060e80166221000001622100000f0b4f50454e2d56 | J578: naa.60060e80166221000001622100000f0b | K578: 10.146.106.65naa.60060e80166221000001622100000f0b | L578: vmhba4:C0:T2:L171 | M578: 16221 | N578: 0f0b | O578: 0f:0b | P578: 0.20050049 | Q578: =VLOOKUP($O578,'스토리지_LUN(TO-BE)'!$B$2:$G$347,4,FALSE) -> 0f:0b | V578: =VLOOKUP($N578,OS_Disk!$A$2:$F$573,2,FALSE) -> pkstsapr1 | W578: =VLOOKUP($N578,OS_Disk!$A$2:$F$573,3,FALSE) -> hitachi_vsp0_0f0b | Y578: =VLOOKUP($N578,OS_Disk!$A$2:$F$573,4,FALSE) -> sdg | Z578: =VLOOKUP($N578,OS_Disk!$A$2:$F$573,6,FALSE) -> 0.20050049 | AA578: =VLOOKUP($O578,Veritas_LUN!$D$3:$J$487,2,FALSE) -> pkstsapr1/pkstsapr2/pkstsapr3 | AB578: =VLOOKUP($O578,Veritas_LUN!$D$3:$J$487,3,FALSE) -> Lock Device | AC578: =VLOOKUP($O578,Veritas_LUN!$D$3:$J$487,4,FALSE) -> 1 | AD578: =VLOOKUP($O578,Veritas_LUN!$D$3:$J$487,5,FALSE) -> 0.2 | AE578: =VLOOKUP($O578,Veritas_LUN!$D$3:$J$487,7,FALSE) -> Lock Device | AF578: =VLOOKUP($O578,Veritas_LUN!$D$3:$K$487,8,FALSE) -> 0f:0b | AG578: 0f:0b | AH578: =VLOOKUP(AG578,'스토리지_LUN(AS-IS)'!$B$4:$G$541,4,FALSE) -> Lock Device | AI578: =VLOOKUP(AG578,'스토리지_LUN(AS-IS)'!$B$4:$G$541,6,FALSE) -> 0.2 | AJ578: =VLOOKUP($AG578,'스토리지_LUN(TO-BE)'!$B$2:$G$347,4,FALSE) -> 0f:0b | AM578: =VLOOKUP(F578,$F$580:$AM$608,34,FALSE) -> NB-DR-RDMP-0FA3-PKSTSAPR | AN578: =VLOOKUP(SUBSTITUTE(Q578,":",""),'naa정보-입력'!B576:C921,2,FALSE) -> #N/A | AO578: =_xlfn.CONCAT($AN$3,AN578," ","/vmfs/volumes/",AM578,"/",H578) -> #N/A | AP578: rm -f /vmfs/volumes/NB-DR-RDMP-0FA3-PKSTSAPR/pkstsapr1/pkstsapr1_10.vmdk
A579: 데이터스토어 | B579: B-SV-PKM-RE | D579: 미할당 | H579: 미할당 | I579: 미할당 | J579: naa.60060e80166221000001622100001076 | L579: 미할당 | M579: 16221 | N579: 1076 | O579: 10:76 | P579: 22 | Q579: 05:76 | V579: 미할당 | AF579: 10:76 | AG579: 10:76 | AH579: VVR-vg_msfs02 | AI579: 22 | AJ579: =VLOOKUP($AG579,'스토리지_LUN(TO-BE)'!$B$2:$G$347,4,FALSE) -> 05:76
A580: 데이터스토어 | D580: 유가 | F580: B-DR-RDMP-LUN192-PKSCHAPR | G580: naa.60060e80166221000001622100001f00 | H580: pkschapr1/pkschapr2/pkschapr3 | L580: 데이터스토어 | M580: 16221 | N580: 1f00 | O580: 1f:00 | Q580: 0F:A0 | V580: #N/A | W580: #N/A | Y580: #N/A | Z580: #N/A | AA580: B-DR-RDMP-LUN192-PKSCHAPR | AB580: B-DR-RDMP-LUN192-PKSCHAPR | AC580: 1 | AD580: 1.5 | AE580: RDMp | AF580: 1f:00 | AG580: 1f:00 | AH580: RDMp | AI580: 1.5 | AJ580: =VLOOKUP($AG580,'스토리지_LUN(TO-BE)'!$B$2:$G$347,4,FALSE) -> 0F:A0 | AM580: =_xlfn.CONCAT("N",LEFT(F580,10),SUBSTITUTE(Q580,":",""),"-",RIGHT(F580,8)) -> NB-DR-RDMP-0FA0-PKSCHAPR
A581: 데이터스토어 | D581: 유가 | F581: B-DR-RDMP-LUN193-PKSTRAPR | G581: naa.60060e80166221000001622100001f01 | H581: pkstrapr1/pkstrapr2 | L581: 데이터스토어 | M581: 16221 | N581: 1f01 | O581: 1f:01 | Q581: 0F:A1 | V581: #N/A | W581: #N/A | Y581: #N/A | Z581: #N/A | AA581: B-DR-RDMP-LUN193-PKSTRAPR | AB581: B-DR-RDMP-LUN193-PKSTRAPR | AC581: 1 | AD581: 1.5 | AE581: RDMp | AF581: 1f:01 | AG581: 1f:01 | AH581: RDMp | AI581: 1.5 | AJ581: =VLOOKUP($AG581,'스토리지_LUN(TO-BE)'!$B$2:$G$347,4,FALSE) -> 0F:A1 | AM581: =_xlfn.CONCAT("N",LEFT(F581,10),SUBSTITUTE(Q581,":",""),"-",RIGHT(F581,8)) -> NB-DR-RDMP-0FA1-PKSTRAPR
A582: 데이터스토어 | D582: 유가 | F582: B-DR-RDMP-LUN194-PKSTRAPR | G582: naa.60060e80166221000001622100001f02 | H582: pkstrapr3/pkstrapr4 | L582: 데이터스토어 | M582: 16221 | N582: 1f02 | O582: 1f:02 | Q582: 0F:A2 | V582: #N/A | W582: #N/A | Y582: #N/A | Z582: #N/A | AA582: B-DR-RDMP-LUN194-PKSTRAPR | AB582: B-DR-RDMP-LUN194-PKSTRAPR | AC582: 1 | AD582: 1.5 | AE582: RDMp | AF582: 1f:02 | AG582: 1f:02 | AH582: RDMp | AI582: 1.5 | AJ582: =VLOOKUP($AG582,'스토리지_LUN(TO-BE)'!$B$2:$G$347,4,FALSE) -> 0F:A2 | AM582: =_xlfn.CONCAT("N",LEFT(F582,10),SUBSTITUTE(Q582,":",""),"-",RIGHT(F582,8)) -> NB-DR-RDMP-0FA2-PKSTRAPR
A583: 데이터스토어 | D583: 유가 | F583: B-DR-RDMP-LUN195-PKSTSAPR | G583: naa.60060e80166221000001622100001f03 | H583: pkstsapr1/pkstsapr2/pkstsapr3 | L583: 데이터스토어 | M583: 16221 | N583: 1f03 | O583: 1f:03 | Q583: 0F:A3 | V583: #N/A | W583: #N/A | Y583: #N/A | Z583: #N/A | AA583: B-DR-RDMP-LUN195-PKSTSAPR | AB583: B-DR-RDMP-LUN195-PKSTSAPR | AC583: 1 | AD583: 1.5 | AE583: RDMp | AF583: 1f:03 | AG583: 1f:03 | AH583: RDMp | AI583: 1.5 | AJ583: =VLOOKUP($AG583,'스토리지_LUN(TO-BE)'!$B$2:$G$347,4,FALSE) -> 0F:A3 | AM583: =_xlfn.CONCAT("N",LEFT(F583,10),SUBSTITUTE(Q583,":",""),"-",RIGHT(F583,8)) -> NB-DR-RDMP-0FA3-PKSTSAPR
A584: 데이터스토어 | D584: 유가 | F584: B-DR-RDMP-LUN196-PKSTSDBR | G584: naa.60060e80166221000001622100001f04 | H584: pkstsdbr1/pkstsdbr2 | L584: 데이터스토어 | M584: 16221 | N584: 1f04 | O584: 1f:04 | Q584: 0F:A4 | V584: #N/A | W584: #N/A | Y584: #N/A | Z584: #N/A | AA584: B-DR-RDMP-LUN196-PKSTSDBR | AB584: B-DR-RDMP-LUN196-PKSTSDBR | AC584: 1 | AD584: 1.5 | AE584: RDMp | AF584: 1f:04 | AG584: 1f:04 | AH584: RDMp | AI584: 1.5 | AJ584: =VLOOKUP($AG584,'스토리지_LUN(TO-BE)'!$B$2:$G$347,4,FALSE) -> 0F:A4 | AM584: =_xlfn.CONCAT("N",LEFT(F584,10),SUBSTITUTE(Q584,":",""),"-",RIGHT(F584,8)) -> NB-DR-RDMP-0FA4-PKSTSDBR
A585: 데이터스토어 | D585: 코스닥 | F585: B-DR-RDMP-LUN192-PKQCHAPR | G585: naa.60060e80166221000001622100001f05 | H585: pkqchapr1/pkqchapr2/pkqchapr3 | L585: 데이터스토어 | M585: 16221 | N585: 1f05 | O585: 1f:05 | Q585: 0F:A5 | V585: #N/A | W585: #N/A | Y585: #N/A | Z585: #N/A | AA585: B-DR-RDMP-LUN192-PKQCHAPR | AB585: B-DR-RDMP-LUN192-PKQCHAPR | AC585: 1 | AD585: 1.5 | AE585: RDMp | AF585: 1f:05 | AG585: 1f:05 | AH585: RDMp | AI585: 1.5 | AJ585: =VLOOKUP($AG585,'스토리지_LUN(TO-BE)'!$B$2:$G$347,4,FALSE) -> 0F:A5 | AM585: =_xlfn.CONCAT("N",LEFT(F585,10),SUBSTITUTE(Q585,":",""),"-",RIGHT(F585,8)) -> NB-DR-RDMP-0FA5-PKQCHAPR
A586: 데이터스토어 | D586: 코스닥 | F586: B-DR-RDMP-LUN193-PKQTRAPR | G586: naa.60060e80166221000001622100001f06 | H586: pkqtrapr1/pkqtrapr2 | L586: 데이터스토어 | M586: 16221 | N586: 1f06 | O586: 1f:06 | Q586: 0F:A6 | V586: #N/A | W586: #N/A | Y586: #N/A | Z586: #N/A | AA586: B-DR-RDMP-LUN193-PKQTRAPR | AB586: B-DR-RDMP-LUN193-PKQTRAPR | AC586: 1 | AD586: 1.5 | AE586: RDMp | AF586: 1f:06 | AG586: 1f:06 | AH586: RDMp | AI586: 1.5 | AJ586: =VLOOKUP($AG586,'스토리지_LUN(TO-BE)'!$B$2:$G$347,4,FALSE) -> 0F:A6 | AM586: =_xlfn.CONCAT("N",LEFT(F586,10),SUBSTITUTE(Q586,":",""),"-",RIGHT(F586,8)) -> NB-DR-RDMP-0FA6-PKQTRAPR
A587: 데이터스토어 | D587: 코스닥 | F587: B-DR-RDMP-LUN194-PKQTRAPR | G587: naa.60060e80166221000001622100001f07 | H587: pkqtrapr3/pkqtrapr4 | L587: 데이터스토어 | M587: 16221 | N587: 1f07 | O587: 1f:07 | Q587: 0F:A7 | V587: #N/A | W587: #N/A | Y587: #N/A | Z587: #N/A | AA587: B-DR-RDMP-LUN194-PKQTRAPR | AB587: B-DR-RDMP-LUN194-PKQTRAPR | AC587: 1 | AD587: 1.5 | AE587: RDMp | AF587: 1f:07 | AG587: 1f:07 | AH587: RDMp | AI587: 1.5 | AJ587: =VLOOKUP($AG587,'스토리지_LUN(TO-BE)'!$B$2:$G$347,4,FALSE) -> 0F:A7 | AM587: =_xlfn.CONCAT("N",LEFT(F587,10),SUBSTITUTE(Q587,":",""),"-",RIGHT(F587,8)) -> NB-DR-RDMP-0FA7-PKQTRAPR
A588: 데이터스토어 | D588: 코스닥 | F588: B-DR-RDMP-LUN195-PKQTSAPR | G588: naa.60060e80166221000001622100001f08 | H588: pkqtsapr1/pkqtsapr2/pkqtsapr3 | L588: 데이터스토어 | M588: 16221 | N588: 1f08 | O588: 1f:08 | Q588: 0F:A8 | V588: #N/A | W588: #N/A | Y588: #N/A | Z588: #N/A | AA588: B-DR-RDMP-LUN195-PKQTSAPR | AB588: B-DR-RDMP-LUN195-PKQTSAPR | AC588: 1 | AD588: 1.5 | AE588: RDMp | AF588: 1f:08 | AG588: 1f:08 | AH588: RDMp | AI588: 1.5 | AJ588: =VLOOKUP($AG588,'스토리지_LUN(TO-BE)'!$B$2:$G$347,4,FALSE) -> 0F:A8 | AM588: =_xlfn.CONCAT("N",LEFT(F588,10),SUBSTITUTE(Q588,":",""),"-",RIGHT(F588,8)) -> NB-DR-RDMP-0FA8-PKQTSAPR
A589: 데이터스토어 | D589: 코스닥 | F589: B-DR-RDMP-LUN196-PKQTSDBR | G589: naa.60060e80166221000001622100001f09 | H589: pkqtsdbr1/pkqtsdbr2 | L589: 데이터스토어 | M589: 16221 | N589: 1f09 | O589: 1f:09 | Q589: 0F:A9 | V589: #N/A | W589: #N/A | Y589: #N/A | Z589: #N/A | AA589: B-DR-RDMP-LUN196-PKQTSDBR | AB589: B-DR-RDMP-LUN196-PKQTSDBR | AC589: 1 | AD589: 1.5 | AE589: RDMp | AF589: 1f:09 | AG589: 1f:09 | AH589: RDMp | AI589: 1.5 | AJ589: =VLOOKUP($AG589,'스토리지_LUN(TO-BE)'!$B$2:$G$347,4,FALSE) -> 0F:A9 | AM589: =_xlfn.CONCAT("N",LEFT(F589,10),SUBSTITUTE(Q589,":",""),"-",RIGHT(F589,8)) -> NB-DR-RDMP-0FA9-PKQTSDBR
A590: 데이터스토어 | D590: 채권 | F590: B-DR-RDMP-LUN192-PKBCHAPR | G590: naa.60060e80166221000001622100001f0a | H590: pkbchapr1/pkbchapr2/pkbchapr3 | L590: 데이터스토어 | M590: 16221 | N590: 1f0a | O590: 1f:0a | Q590: 0F:AA | V590: #N/A | W590: #N/A | Y590: #N/A | Z590: #N/A | AA590: B-DR-RDMP-LUN192-PKBCHAPR | AB590: B-DR-RDMP-LUN192-PKBCHAPR | AC590: 1 | AD590: 1.5 | AE590: RDMp | AF590: 1f:0a | AG590: 1f:0a | AH590: RDMp | AI590: 1.5 | AJ590: =VLOOKUP($AG590,'스토리지_LUN(TO-BE)'!$B$2:$G$347,4,FALSE) -> 0F:AA | AM590: =_xlfn.CONCAT("N",LEFT(F590,10),SUBSTITUTE(Q590,":",""),"-",RIGHT(F590,8)) -> NB-DR-RDMP-0FAA-PKBCHAPR
A591: 데이터스토어 | D591: 채권 | F591: B-DR-RDMP-LUN193-PKBTRAPR | G591: naa.60060e80166221000001622100001f0b | H591: pkbtrapr1/pkbtrapr2 | L591: 데이터스토어 | M591: 16221 | N591: 1f0b | O591: 1f:0b | Q591: 0F:AB | V591: #N/A | W591: #N/A | Y591: #N/A | Z591: #N/A | AA591: B-DR-RDMP-LUN192-PKBCHAPR | AB591: B-DR-RDMP-LUN192-PKBCHAPR | AC591: 1 | AD591: 1.5 | AE591: RDMp | AF591: 1f:0b | AG591: 1f:0b | AH591: RDMp | AI591: 1.5 | AJ591: =VLOOKUP($AG591,'스토리지_LUN(TO-BE)'!$B$2:$G$347,4,FALSE) -> 0F:AB | AM591: =_xlfn.CONCAT("N",LEFT(F591,10),SUBSTITUTE(Q591,":",""),"-",RIGHT(F591,8)) -> NB-DR-RDMP-0FAB-PKBTRAPR
... A602: 데이터스토어 | D602: 관리 | F602: B-DR-RDMP-LUN193-PKFMSBKR | G602: naa.60060e80166221000001622100001f16 | H602: pkmmsbkr3/pkmmsbkr4 | L602: 데이터스토어 | M602: 16221 | N602: 1f16 | O602: 1f:16 | Q602: 0F:B6 | V602: #N/A | W602: #N/A | Y602: #N/A | Z602: #N/A | AA602: B-DR-RDMP-LUN193-PKFMSBKR | AB602: B-DR-RDMP-LUN193-PKFMSBKR | AC602: 1 | AD602: 1.5 | AE602: RDMp | AF602: 1f:16 | AG602: 1f:16 | AH602: RDMp | AI602: 1.5 | AJ602: =VLOOKUP($AG602,'스토리지_LUN(TO-BE)'!$B$2:$G$347,4,FALSE) -> 0F:B6 | AM602: =_xlfn.CONCAT("N",LEFT(F602,10),SUBSTITUTE(Q602,":",""),"-",RIGHT(F602,8)) -> NB-DR-RDMP-0FB6-PKFMSBKR
A603: 데이터스토어 | B603: B-SV-PKM-RE | D603: 미할당 | H603: 미할당 | I603: 미할당 | J603: naa.60060e80166221000001622100001f17 | L603: 미할당 | M603: 16221 | N603: 1f17 | O603: 1f:17 | P603: 1.5 | Q603: 0F:B7 | V603: 미할당 | AF603: 1f:17 | AG603: 1f:17 | AH603: RDMp | AI603: 1.5 | AJ603: =VLOOKUP($AG603,'스토리지_LUN(TO-BE)'!$B$2:$G$347,4,FALSE) -> 0F:B7
A604: 데이터스토어 | D604: 가상화 관리 | F604: B-DR-PKFVI-LUN0 | G604: naa.60060e80166221000001622100001f18 | H604: pkmifsmv2/pkmifcmv2 | L604: 데이터스토어 | M604: 16221 | N604: 1f18 | O604: 1f:18 | Q604: 0F:B8 | V604: #N/A | W604: #N/A | Y604: #N/A | Z604: #N/A | AA604: B-DR-PKFVI-LUN0 | AB604: B-DR-PKFVI-LUN0 | AC604: 1 | AD604: 500 | AE604: RDMp | AF604: 1f:18 | AG604: 1f:18 | AH604: - | AI604: 500 | AJ604: =VLOOKUP($AG604,'스토리지_LUN(TO-BE)'!$B$2:$G$347,4,FALSE) -> 0F:B8 | AM604: NB-DR-PKFV-I0FB8
A605: 데이터스토어 | D605: 가상화 관리 | F605: B-DR-PKFGD-LUN0-1 | G605: naa.60060e80166221000001622100001f19 | H605: Template 배포 | L605: 데이터스토어 | M605: 16221 | N605: 1f19 | O605: 1f:19 | Q605: 0F:B9 | V605: #N/A | W605: #N/A | Y605: #N/A | Z605: #N/A | AA605: B-DR-PKFGD-LUN0-1 | AB605: B-DR-PKFGD-LUN0-1 | AC605: 1 | AD605: 100 | AE605: RHEL Golden Master | AF605: 1f:19 | AG605: 1f:19 | AH605: - | AI605: 100 | AJ605: =VLOOKUP($AG605,'스토리지_LUN(TO-BE)'!$B$2:$G$347,4,FALSE) -> 0F:B9 | AM605: NB-DR-PKFGD-0FB9-1
A606: 데이터스토어 | D606: 가상화 관리 | F606: B-DR-PKFGD-LUN0-2 | G606: naa.60060e80166221000001622100001f1a | H606: Template 배포 | L606: 데이터스토어 | M606: 16221 | N606: 1f1a | O606: 1f:1a | Q606: 0F:BA | V606: #N/A | W606: #N/A | Y606: #N/A | Z606: #N/A | AA606: B-DR-PKFGD-LUN0-2 | AB606: B-DR-PKFGD-LUN0-2 | AC606: 1 | AD606: 100 | AE606: RHEL Golden Master | AF606: 1f:1a | AG606: 1f:1a | AH606: - | AI606: 100 | AJ606: =VLOOKUP($AG606,'스토리지_LUN(TO-BE)'!$B$2:$G$347,4,FALSE) -> 0F:BA | AM606: NB-DR-PKFGD-0FBA-2
A607: 데이터스토어 | D607: 공통 | F607: B-DR-RDMP-LUN198-PKCEUCMR | G607: naa.60060e80166221000001622100001f1b | H607: pkceucmr1/pkceucmr2 | L607: 데이터스토어 | M607: 16221 | N607: 1f1b | O607: 1f:1b | Q607: 0F:BB | V607: #N/A | W607: #N/A | Y607: #N/A | Z607: #N/A | AA607: B-DR-RDMP-LUN198-PKCEUCMR | AB607: B-DR-RDMP-LUN198-PKCEUCMR | AC607: 1 | AD607: 1.5 | AE607: RDMp | AF607: 1f:1b | AG607: 1f:1b | AH607: RDMp | AI607: 1.5 | AJ607: =VLOOKUP($AG607,'스토리지_LUN(TO-BE)'!$B$2:$G$347,4,FALSE) -> 0F:BB | AM607: NB-DR-RDMP-0FBB-PKCEUCMR
A608: 데이터스토어 | D608: 관리 | F608: B-DR-RDMP-LUN195-PKCMSSMR | G608: naa.60060e80166221000001622100001f1c | H608: pkmmssmr1 | L608: 데이터스토어 | M608: 16221 | N608: 1f1c | O608: 1f:1c | Q608: 0F:BC | V608: #N/A | W608: #N/A | Y608: #N/A | Z608: #N/A | AA608: B-DR-RDMP-LUN195-PKCMSSMR | AB608: B-DR-RDMP-LUN195-PKCMSSMR | AC608: 1 | AD608: 1.5 | AE608: RDMp | AF608: 1f:1c | AG608: 1f:1c | AH608: RDMp | AI608: 1.5 | AJ608: =VLOOKUP($AG608,'스토리지_LUN(TO-BE)'!$B$2:$G$347,4,FALSE) -> 0F:BC | AM608: NB-DR-RDMP-0FBC-PKCMSSMR
A609: 10.146.106.3 | B609: B-SV-PKA-A | C609: pkmifcmv2 | D609: 가상화 관리 | E609: 0,0 | F609: B-DR-PKFVI-LUN0 | G609: naa.60060e80166221000001622100001f18 | H609: pkmifcmv2/pkmifcmv2.vmdk | P609: 40 | Q609: =VLOOKUP($O609,'스토리지_LUN(TO-BE)'!$B$2:$G$347,4,FALSE) -> #N/A | V609: =VLOOKUP($N609,OS_Disk!$A$2:$F$573,2,FALSE) -> #N/A | W609: =VLOOKUP($N609,OS_Disk!$A$2:$F$573,3,FALSE) -> #N/A | Y609: =VLOOKUP($N609,OS_Disk!$A$2:$F$573,4,FALSE) -> #N/A | Z609: =VLOOKUP($N609,OS_Disk!$A$2:$F$573,6,FALSE) -> #N/A | AA609: =VLOOKUP($O609,Veritas_LUN!$D$3:$J$487,2,FALSE) -> #N/A | AB609: =VLOOKUP($O609,Veritas_LUN!$D$3:$J$487,3,FALSE) -> #N/A | AC609: =VLOOKUP($O609,Veritas_LUN!$D$3:$J$487,4,FALSE) -> #N/A | AD609: =VLOOKUP($O609,Veritas_LUN!$D$3:$J$487,5,FALSE) -> #N/A | AE609: =VLOOKUP($O609,Veritas_LUN!$D$3:$J$487,7,FALSE) -> #N/A | AF609: =VLOOKUP($O609,Veritas_LUN!$D$3:$K$487,8,FALSE) -> #N/A | AH609: =VLOOKUP(AG609,'스토리지_LUN(AS-IS)'!$B$4:$G$541,4,FALSE) -> #N/A | AI609: =VLOOKUP(AG609,'스토리지_LUN(AS-IS)'!$B$4:$G$541,6,FALSE) -> #N/A | AJ609: =VLOOKUP($AG609,'스토리지_LUN(TO-BE)'!$B$2:$G$347,4,FALSE) -> #N/A | AM609: =_xlfn.CONCAT("N",LEFT(F609,10),SUBSTITUTE(Q609,":",""),"-",RIGHT(F609,8)) -> #N/A
A610: 10.146.106.3 | B610: B-SV-PKA-A | C610: pkmifcmv2 | D610: 가상화 관리 | E610: 1,0 | F610: B-DR-PKFVI-LUN0 | G610: naa.60060e80166221000001622100001f18 | H610: pkmifcmv2/pkmifcmv2_1.vmdk | P610: 40 | Q610: =VLOOKUP($O610,'스토리지_LUN(TO-BE)'!$B$2:$G$347,4,FALSE) -> #N/A | V610: =VLOOKUP($N610,OS_Disk!$A$2:$F$573,2,FALSE) -> #N/A | W610: =VLOOKUP($N610,OS_Disk!$A$2:$F$573,3,FALSE) -> #N/A | Y610: =VLOOKUP($N610,OS_Disk!$A$2:$F$573,4,FALSE) -> #N/A | Z610: =VLOOKUP($N610,OS_Disk!$A$2:$F$573,6,FALSE) -> #N/A | AA610: =VLOOKUP($O610,Veritas_LUN!$D$3:$J$487,2,FALSE) -> #N/A | AB610: =VLOOKUP($O610,Veritas_LUN!$D$3:$J$487,3,FALSE) -> #N/A | AC610: =VLOOKUP($O610,Veritas_LUN!$D$3:$J$487,4,FALSE) -> #N/A | AD610: =VLOOKUP($O610,Veritas_LUN!$D$3:$J$487,5,FALSE) -> #N/A | AE610: =VLOOKUP($O610,Veritas_LUN!$D$3:$J$487,7,FALSE) -> #N/A | AF610: =VLOOKUP($O610,Veritas_LUN!$D$3:$K$487,8,FALSE) -> #N/A | AH610: =VLOOKUP(AG610,'스토리지_LUN(AS-IS)'!$B$4:$G$541,4,FALSE) -> #N/A | AI610: =VLOOKUP(AG610,'스토리지_LUN(AS-IS)'!$B$4:$G$541,6,FALSE) -> #N/A | AJ610: =VLOOKUP($AG610,'스토리지_LUN(TO-BE)'!$B$2:$G$347,4,FALSE) -> #N/A | AM610: =_xlfn.CONCAT("N",LEFT(F610,10),SUBSTITUTE(Q610,":",""),"-",RIGHT(F610,8)) -> #N/A
A611: 10.146.106.4 | B611: B-SV-PKA-A | C611: pkmifsmv2-va | D611: 가상화 관리 | E611: 0,0 | F611: B-DR-PKFVI-LUN0 | G611: naa.60060e80166221000001622100001f18 | H611: pkmifsmv2-va/pkmifsmv2-va.vmdk | P611: 25 | Q611: =VLOOKUP($O611,'스토리지_LUN(TO-BE)'!$B$2:$G$347,4,FALSE) -> #N/A | V611: =VLOOKUP($N611,OS_Disk!$A$2:$F$573,2,FALSE) -> #N/A | W611: =VLOOKUP($N611,OS_Disk!$A$2:$F$573,3,FALSE) -> #N/A | Y611: =VLOOKUP($N611,OS_Disk!$A$2:$F$573,4,FALSE) -> #N/A | Z611: =VLOOKUP($N611,OS_Disk!$A$2:$F$573,6,FALSE) -> #N/A | AA611: =VLOOKUP($O611,Veritas_LUN!$D$3:$J$487,2,FALSE) -> #N/A | AB611: =VLOOKUP($O611,Veritas_LUN!$D$3:$J$487,3,FALSE) -> #N/A | AC611: =VLOOKUP($O611,Veritas_LUN!$D$3:$J$487,4,FALSE) -> #N/A | AD611: =VLOOKUP($O611,Veritas_LUN!$D$3:$J$487,5,FALSE) -> #N/A | AE611: =VLOOKUP($O611,Veritas_LUN!$D$3:$J$487,7,FALSE) -> #N/A | AF611: =VLOOKUP($O611,Veritas_LUN!$D$3:$K$487,8,FALSE) -> #N/A | AH611: =VLOOKUP(AG611,'스토리지_LUN(AS-IS)'!$B$4:$G$541,4,FALSE) -> #N/A | AI611: =VLOOKUP(AG611,'스토리지_LUN(AS-IS)'!$B$4:$G$541,6,FALSE) -> #N/A | AJ611: =VLOOKUP($AG611,'스토리지_LUN(TO-BE)'!$B$2:$G$347,4,FALSE) -> #N/A | AM611: =_xlfn.CONCAT("N",LEFT(F611,10),SUBSTITUTE(Q611,":",""),"-",RIGHT(F611,8)) -> #N/A
A612: 10.146.106.4 | B612: B-SV-PKA-A | C612: pkmifsmv2-va | D612: 가상화 관리 | E612: 0,1 | F612: B-DR-PKFVI-LUN0 | G612: naa.60060e80166221000001622100001f18 | H612: pkmifsmv2-va/pkmifsmv2-va_1.vmdk | P612: 100 | Q612: =VLOOKUP($O612,'스토리지_LUN(TO-BE)'!$B$2:$G$347,4,FALSE) -> #N/A | V612: =VLOOKUP($N612,OS_Disk!$A$2:$F$573,2,FALSE) -> #N/A | W612: =VLOOKUP($N612,OS_Disk!$A$2:$F$573,3,FALSE) -> #N/A | Y612: =VLOOKUP($N612,OS_Disk!$A$2:$F$573,4,FALSE) -> #N/A | Z612: =VLOOKUP($N612,OS_Disk!$A$2:$F$573,6,FALSE) -> #N/A | AA612: =VLOOKUP($O612,Veritas_LUN!$D$3:$J$487,2,FALSE) -> #N/A | AB612: =VLOOKUP($O612,Veritas_LUN!$D$3:$J$487,3,FALSE) -> #N/A | AC612: =VLOOKUP($O612,Veritas_LUN!$D$3:$J$487,4,FALSE) -> #N/A | AD612: =VLOOKUP($O612,Veritas_LUN!$D$3:$J$487,5,FALSE) -> #N/A | AE612: =VLOOKUP($O612,Veritas_LUN!$D$3:$J$487,7,FALSE) -> #N/A | AF612: =VLOOKUP($O612,Veritas_LUN!$D$3:$K$487,8,FALSE) -> #N/A | AH612: =VLOOKUP(AG612,'스토리지_LUN(AS-IS)'!$B$4:$G$541,4,FALSE) -> #N/A | AI612: =VLOOKUP(AG612,'스토리지_LUN(AS-IS)'!$B$4:$G$541,6,FALSE) -> #N/A | AJ612: =VLOOKUP($AG612,'스토리지_LUN(TO-BE)'!$B$2:$G$347,4,FALSE) -> #N/A | AM612: =_xlfn.CONCAT("N",LEFT(F612,10),SUBSTITUTE(Q612,":",""),"-",RIGHT(F612,8)) -> #N/A
I613: 3 | K613: 4 | L613: 4.7857143 | N613: 6.0714286 | R613: 8.6428571 | S613: 9.2857143 | T613: 9.9285714 | U613: 10.571429 | V613: 11.214286 | W613: 11.857143 | X613: 12.5 | Y613: 13.142857 | Z613: 13.785714 | AA613: 14.428571 | AB613: 15.071429 | AC613: 15.714286 | AD613: 16.357143 | AE613: 17 | AF613: 17.642857 | AG613: 18.285714 | AH613: 18.928571 | AI613: 19.571429 | AJ613: 20.214286 | AK613: 20.857143 | AL613: 21.5

Sheet Sheet2
A1: 10.146.106.83 | B1: pkbtsdbr1 | C1: 채권
A2: 10.146.106.84 | B2: pkbtsapr1 | C2: 채권
A3: 10.146.106.85 | B3: pkbtrapr1 | C3: 채권
A4: 10.146.106.85 | B4: pkbtrapr3 | C4: 채권
A5: 10.146.106.86 | B5: pkbchapr1 | C5: 채권
A6: 10.146.106.90 | B6: pkbtsdbr2 | C6: 채권
A7: 10.146.106.91 | B7: pkbtsapr3 | C7: 채권
A8: 10.146.106.92 | B8: pkbchapr3 | C8: 채권
A9: 10.146.106.87 | B9: pkbtsapr2 | C9: 채권
A10: 10.146.106.88 | B10: pkbtrapr4 | C10: 채권
A11: 10.146.106.88 | B11: pkbtrapr2 | C11: 채권
A12: 10.146.106.89 | B12: pkbchapr2 | C12: 채권
... A53: 10.146.106.65 | B53: pkstsapr2 | C53: 유가

Sheet Sheet3
A2: 10.146.106.83 | B2: pkbtsdbr1 | C2: 채권 | D2: pkvex2044-datastore1 | E2: pkbtsdbr1/pkbtsdbr1.vmdk | H2: =CONCATENATE("plink -ssh ",A2," -l root -pw 7@rlacl_R ") -> plink -ssh 10.146.106.83 -l root -pw 7@rlacl_R | I2: =_xlfn.CONCAT("/vmfs/volumes/",D2,"/",LEFT(E2,19),".vmx") -> /vmfs/volumes/pkvex2044-datastore1/pkbtsdbr1/pkbtsdbr1.vmx | K2: =_xlfn.CONCAT("cp ",I2," ",I2,".old.20190324",";","cp ",I2,".new ",I2) -> cp /vmfs/volumes/pkvex2044-datastore1/pkbtsdbr1/pkbtsdbr1.vmx /vmfs/volumes/pkvex2044-datastore1/pkbtsdbr1/pkbtsdbr1.vmx.old.20190324;cp /vmfs/volumes/pkvex2044-datastore1/pkbtsdbr1/pkbtsdbr1.vmx.new /vmfs/volumes/pkvex2044-datastore1/pkbtsdbr1/pkbtsdbr1.vmx
A3: 10.146.106.84 | B3: pkbtsapr1 | C3: 채권 | D3: pkvex2045-datastore1 | E3: pkbtsapr1/pkbtsapr1.vmdk | H3: =CONCATENATE("plink -ssh ",A3," -l root -pw 7@rlacl_R ") -> plink -ssh 10.146.106.84 -l root -pw 7@rlacl_R | I3: =_xlfn.CONCAT("/vmfs/volumes/",D3,"/",LEFT(E3,19),".vmx") -> /vmfs/volumes/pkvex2045-datastore1/pkbtsapr1/pkbtsapr1.vmx | K3: =_xlfn.CONCAT("cp ",I3," ",I3,".old.20190324",";","cp ",I3,".new ",I3) -> cp /vmfs/volumes/pkvex2045-datastore1/pkbtsapr1/pkbtsapr1.vmx /vmfs/volumes/pkvex2045-datastore1/pkbtsapr1/pkbtsapr1.vmx.old.20190324;cp /vmfs/volumes/pkvex2045-datastore1/pkbtsapr1/pkbtsapr1.vmx.new /vmfs/volumes/pkvex2045-datastore1/pkbtsapr1/pkbtsapr1.vmx
A4: 10.146.106.85 | B4: pkbtrapr1 | C4: 채권 | D4: pkvex2046-datastore1 | E4: pkbtrapr1/pkbtrapr1.vmdk | H4: =CONCATENATE("plink -ssh ",A4," -l root -pw 7@rlacl_R ") -> plink -ssh 10.146.106.85 -l root -pw 7@rlacl_R | I4: =_xlfn.CONCAT("/vmfs/volumes/",D4,"/",LEFT(E4,19),".vmx") -> /vmfs/volumes/pkvex2046-datastore1/pkbtrapr1/pkbtrapr1.vmx | K4: =_xlfn.CONCAT("cp ",I4," ",I4,".old.20190324",";","cp ",I4,".new ",I4) -> cp /vmfs/volumes/pkvex2046-datastore1/pkbtrapr1/pkbtrapr1.vmx /vmfs/volumes/pkvex2046-datastore1/pkbtrapr1/pkbtrapr1.vmx.old.20190324;cp /vmfs/volumes/pkvex2046-datastore1/pkbtrapr1/pkbtrapr1.vmx.new /vmfs/volumes/pkvex2046-datastore1/pkbtrapr1/pkbtrapr1.vmx
A5: 10.146.106.85 | B5: pkbtrapr3 | C5: 채권 | D5: pkvex2046-datastore1 | E5: pkbtrapr3/pkbtrapr3.vmdk | H5: =CONCATENATE("plink -ssh ",A5," -l root -pw 7@rlacl_R ") -> plink -ssh 10.146.106.85 -l root -pw 7@rlacl_R | I5: =_xlfn.CONCAT("/vmfs/volumes/",D5,"/",LEFT(E5,19),".vmx") -> /vmfs/volumes/pkvex2046-datastore1/pkbtrapr3/pkbtrapr3.vmx | K5: =_xlfn.CONCAT("cp ",I5," ",I5,".old.20190324",";","cp ",I5,".new ",I5) -> cp /vmfs/volumes/pkvex2046-datastore1/pkbtrapr3/pkbtrapr3.vmx /vmfs/volumes/pkvex2046-datastore1/pkbtrapr3/pkbtrapr3.vmx.old.20190324;cp /vmfs/volumes/pkvex2046-datastore1/pkbtrapr3/pkbtrapr3.vmx.new /vmfs/volumes/pkvex2046-datastore1/pkbtrapr3/pkbtrapr3.vmx
A6: 10.146.106.86 | B6: pkbchapr1 | C6: 채권 | D6: pkvex2047-datastore1 | E6: pkbchapr1/pkbchapr1.vmdk | H6: =CONCATENATE("plink -ssh ",A6," -l root -pw 7@rlacl_R ") -> plink -ssh 10.146.106.86 -l root -pw 7@rlacl_R | I6: =_xlfn.CONCAT("/vmfs/volumes/",D6,"/",LEFT(E6,19),".vmx") -> /vmfs/volumes/pkvex2047-datastore1/pkbchapr1/pkbchapr1.vmx | K6: =_xlfn.CONCAT("cp ",I6," ",I6,".old.20190324",";","cp ",I6,".new ",I6) -> cp /vmfs/volumes/pkvex2047-datastore1/pkbchapr1/pkbchapr1.vmx /vmfs/volumes/pkvex2047-datastore1/pkbchapr1/pkbchapr1.vmx.old.20190324;cp /vmfs/volumes/pkvex2047-datastore1/pkbchapr1/pkbchapr1.vmx.new /vmfs/volumes/pkvex2047-datastore1/pkbchapr1/pkbchapr1.vmx
A7: 10.146.106.90 | B7: pkbtsdbr2 | C7: 채권 | D7: pkvex2051-datastore1 | E7: pkbtsdbr2/pkbtsdbr2.vmdk | H7: =CONCATENATE("plink -ssh ",A7," -l root -pw 7@rlacl_R ") -> plink -ssh 10.146.106.90 -l root -pw 7@rlacl_R | I7: =_xlfn.CONCAT("/vmfs/volumes/",D7,"/",LEFT(E7,19),".vmx") -> /vmfs/volumes/pkvex2051-datastore1/pkbtsdbr2/pkbtsdbr2.vmx | K7: =_xlfn.CONCAT("cp ",I7," ",I7,".old.20190324",";","cp ",I7,".new ",I7) -> cp /vmfs/volumes/pkvex2051-datastore1/pkbtsdbr2/pkbtsdbr2.vmx /vmfs/volumes/pkvex2051-datastore1/pkbtsdbr2/pkbtsdbr2.vmx.old.20190324;cp /vmfs/volumes/pkvex2051-datastore1/pkbtsdbr2/pkbtsdbr2.vmx.new /vmfs/volumes/pkvex2051-datastore1/pkbtsdbr2/pkbtsdbr2.vmx
A8: 10.146.106.91 | B8: pkbtsapr3 | C8: 채권 | D8: pkvex2052-datastore1 | E8: pkbtsapr3/pkbtsapr3.vmdk | H8: =CONCATENATE("plink -ssh ",A8," -l root -pw 7@rlacl_R ") -> plink -ssh 10.146.106.91 -l root -pw 7@rlacl_R | I8: =_xlfn.CONCAT("/vmfs/volumes/",D8,"/",LEFT(E8,19),".vmx") -> /vmfs/volumes/pkvex2052-datastore1/pkbtsapr3/pkbtsapr3.vmx | K8: =_xlfn.CONCAT("cp ",I8," ",I8,".old.20190324",";","cp ",I8,".new ",I8) -> cp /vmfs/volumes/pkvex2052-datastore1/pkbtsapr3/pkbtsapr3.vmx /vmfs/volumes/pkvex2052-datastore1/pkbtsapr3/pkbtsapr3.vmx.old.20190324;cp /vmfs/volumes/pkvex2052-datastore1/pkbtsapr3/pkbtsapr3.vmx.new /vmfs/volumes/pkvex2052-datastore1/pkbtsapr3/pkbtsapr3.vmx
A9: 10.146.106.92 | B9: pkbchapr3 | C9: 채권 | D9: pkvex2053-datastore1 | E9: pkbchapr3/pkbchapr3.vmdk | H9: =CONCATENATE("plink -ssh ",A9," -l root -pw 7@rlacl_R ") -> plink -ssh 10.146.106.92 -l root -pw 7@rlacl_R | I9: =_xlfn.CONCAT("/vmfs/volumes/",D9,"/",LEFT(E9,19),".vmx") -> /vmfs/volumes/pkvex2053-datastore1/pkbchapr3/pkbchapr3.vmx | K9: =_xlfn.CONCAT("cp ",I9," ",I9,".old.20190324",";","cp ",I9,".new ",I9) -> cp /vmfs/volumes/pkvex2053-datastore1/pkbchapr3/pkbchapr3.vmx /vmfs/volumes/pkvex2053-datastore1/pkbchapr3/pkbchapr3.vmx.old.20190324;cp /vmfs/volumes/pkvex2053-datastore1/pkbchapr3/pkbchapr3.vmx.new /vmfs/volumes/pkvex2053-datastore1/pkbchapr3/pkbchapr3.vmx
A10: 10.146.106.87 | B10: pkbtsapr2 | C10: 채권 | D10: pkvex2048-datastore1 | E10: pkbtsapr2/pkbtsapr2.vmdk | H10: =CONCATENATE("plink -ssh ",A10," -l root -pw 7@rlacl_R ") -> plink -ssh 10.146.106.87 -l root -pw 7@rlacl_R | I10: =_xlfn.CONCAT("/vmfs/volumes/",D10,"/",LEFT(E10,19),".vmx") -> /vmfs/volumes/pkvex2048-datastore1/pkbtsapr2/pkbtsapr2.vmx | K10: =_xlfn.CONCAT("cp ",I10," ",I10,".old.20190324",";","cp ",I10,".new ",I10) -> cp /vmfs/volumes/pkvex2048-datastore1/pkbtsapr2/pkbtsapr2.vmx /vmfs/volumes/pkvex2048-datastore1/pkbtsapr2/pkbtsapr2.vmx.old.20190324;cp /vmfs/volumes/pkvex2048-datastore1/pkbtsapr2/pkbtsapr2.vmx.new /vmfs/volumes/pkvex2048-datastore1/pkbtsapr2/pkbtsapr2.vmx
A11: 10.146.106.88 | B11: pkbtrapr4 | C11: 채권 | D11: pkvex2049-datastore1 | E11: pkbtrapr4/pkbtrapr4.vmdk | H11: =CONCATENATE("plink -ssh ",A11," -l root -pw 7@rlacl_R ") -> plink -ssh 10.146.106.88 -l root -pw 7@rlacl_R | I11: =_xlfn.CONCAT("/vmfs/volumes/",D11,"/",LEFT(E11,19),".vmx") -> /vmfs/volumes/pkvex2049-datastore1/pkbtrapr4/pkbtrapr4.vmx | K11: =_xlfn.CONCAT("cp ",I11," ",I11,".old.20190324",";","cp ",I11,".new ",I11) -> cp /vmfs/volumes/pkvex2049-datastore1/pkbtrapr4/pkbtrapr4.vmx /vmfs/volumes/pkvex2049-datastore1/pkbtrapr4/pkbtrapr4.vmx.old.20190324;cp /vmfs/volumes/pkvex2049-datastore1/pkbtrapr4/pkbtrapr4.vmx.new /vmfs/volumes/pkvex2049-datastore1/pkbtrapr4/pkbtrapr4.vmx
A12: 10.146.106.88 | B12: pkbtrapr2 | C12: 채권 | D12: pkvex2049-datastore1 | E12: pkbtrapr2/pkbtrapr2.vmdk | H12: =CONCATENATE("plink -ssh ",A12," -l root -pw 7@rlacl_R ") -> plink -ssh 10.146.106.88 -l root -pw 7@rlacl_R | I12: =_xlfn.CONCAT("/vmfs/volumes/",D12,"/",LEFT(E12,19),".vmx") -> /vmfs/volumes/pkvex2049-datastore1/pkbtrapr2/pkbtrapr2.vmx | K12: =_xlfn.CONCAT("cp ",I12," ",I12,".old.20190324",";","cp ",I12,".new ",I12) -> cp /vmfs/volumes/pkvex2049-datastore1/pkbtrapr2/pkbtrapr2.vmx /vmfs/volumes/pkvex2049-datastore1/pkbtrapr2/pkbtrapr2.vmx.old.20190324;cp /vmfs/volumes/pkvex2049-datastore1/pkbtrapr2/pkbtrapr2.vmx.new /vmfs/volumes/pkvex2049-datastore1/pkbtrapr2/pkbtrapr2.vmx
A13: 10.146.106.89 | B13: pkbchapr2 | C13: 채권 | D13: pkvex2050-datastore1 | E13: pkbchapr2/pkbchapr2.vmdk | H13: =CONCATENATE("plink -ssh ",A13," -l root -pw 7@rlacl_R ") -> plink -ssh 10.146.106.89 -l root -pw 7@rlacl_R | I13: =_xlfn.CONCAT("/vmfs/volumes/",D13,"/",LEFT(E13,19),".vmx") -> /vmfs/volumes/pkvex2050-datastore1/pkbchapr2/pkbchapr2.vmx | K13: =_xlfn.CONCAT("cp ",I13," ",I13,".old.20190324",";","cp ",I13,".new ",I13) -> cp /vmfs/volumes/pkvex2050-datastore1/pkbchapr2/pkbchapr2.vmx /vmfs/volumes/pkvex2050-datastore1/pkbchapr2/pkbchapr2.vmx.old.20190324;cp /vmfs/volumes/pkvex2050-datastore1/pkbchapr2/pkbchapr2.vmx.new /vmfs/volumes/pkvex2050-datastore1/pkbchapr2/pkbchapr2.vmx
... A54: 10.146.106.65 | B54: pkstsapr2 | C54: 유가증권 | D54: pkvex2026-datastore1 | E54: pkstsapr2/pkstsapr2.vmdk | H54: =CONCATENATE("plink -ssh ",A54," -l root -pw 7@rlacl_R ") -> plink -ssh 10.146.106.65 -l root -pw 7@rlacl_R | I54: =_xlfn.CONCAT("/vmfs/volumes/",D54,"/",LEFT(E54,19),".vmx") -> /vmfs/volumes/pkvex2026-datastore1/pkstsapr2/pkstsapr2.vmx | K54: =_xlfn.CONCAT("cp ",I54," ",I54,".old.20190324",";","cp ",I54,".new ",I54) -> cp /vmfs/volumes/pkvex2026-datastore1/pkstsapr2/pkstsapr2.vmx /vmfs/volumes/pkvex2026-datastore1/pkstsapr2/pkstsapr2.vmx.old.20190324;cp /vmfs/volumes/pkvex2026-datastore1/pkstsapr2/pkstsapr2.vmx.new /vmfs/volumes/pkvex2026-datastore1/pkstsapr2/pkstsapr2.vmx

Sheet vmx파일 수정용
C1: 모든 호스트에서 수행할것(for문이있는 항은 그룹별로….)
C2: vim-cmd vmsvc/getallvms | grep ] | awk '{sub("\\[","",$3); sub("\]","",$3); print "/vmfs/volumes/"$3"/"$4}' | awk '{print "cp -f "$1,$1"_old"}' | sh
C3: vim-cmd vmsvc/getallvms | grep ] | awk '{sub("\\[","",$3); sub("\]","",$3); print "/vmfs/volumes/"$3"/"$4}' | awk '{print "cp -f "$1,$1"_new"}' | sh
C4: vim-cmd vmsvc/getallvms | grep ] | awk '{sub("\\[","",$3); sub("\]","",$3); print "/vmfs/volumes/"$3"/"$4}' | awk '{print $1"_new"}' > /tmp/list.list
C5: ==> 아래 for문 수행할것
A7: 순번 | B7: 구분 | C7: 기존데이터스토어 name | D7: 기존데이터스토어 uuid | E7: 신규테이터스토어 name | F7: 신규테이터스토어 uuid | G7: 수행 명령어(수정하지 말것)
B8: 유가 | C8: B-DR-RDMP-LUN192-PKSCHAPR | D8: 11111111111111111 | E8: NB-DR-RDMP-0FA0-PKSCHAPR | F8: 222222222222222 | G8: =CONCATENATE("for i in `cat /tmp/list.list`; do sed -i 's/",D8,"/",F8,"/g' $i;done") -> for i in `cat /tmp/list.list`; do sed -i 's/11111111111111111/222222222222222/g' $i;done
B9: 유가 | C9: B-DR-RDMP-LUN193-PKSTRAPR | E9: NB-DR-RDMP-0FA1-PKSTRAPR | G9: =CONCATENATE("for i in `cat /tmp/list.list`; do sed -i 's/",D9,"/",F9,"/g' $i;done") -> for i in `cat /tmp/list.list`; do sed -i 's///g' $i;done
B10: 유가 | C10: B-DR-RDMP-LUN194-PKSTRAPR | E10: NB-DR-RDMP-0FA2-PKSTRAPR | G10: =CONCATENATE("for i in `cat /tmp/list.list`; do sed -i 's/",D10,"/",F10,"/g' $i;done") -> for i in `cat /tmp/list.list`; do sed -i 's///g' $i;done
B11: 유가 | C11: B-DR-RDMP-LUN195-PKSTSAPR | E11: NB-DR-RDMP-0FA3-PKSTSAPR | G11: =CONCATENATE("for i in `cat /tmp/list.list`; do sed -i 's/",D11,"/",F11,"/g' $i;done") -> for i in `cat /tmp/list.list`; do sed -i 's///g' $i;done
B12: 유가 | C12: B-DR-RDMP-LUN196-PKSTSDBR | E12: NB-DR-RDMP-0FA4-PKSTSDBR | G12: =CONCATENATE("for i in `cat /tmp/list.list`; do sed -i 's/",D12,"/",F12,"/g' $i;done") -> for i in `cat /tmp/list.list`; do sed -i 's///g' $i;done
B13: 코스닥 | C13: B-DR-RDMP-LUN192-PKQCHAPR | E13: NB-DR-RDMP-0FA5-PKQCHAPR | G13: =CONCATENATE("for i in `cat /tmp/list.list`; do sed -i 's/",D13,"/",F13,"/g' $i;done") -> for i in `cat /tmp/list.list`; do sed -i 's///g' $i;done
B14: 코스닥 | C14: B-DR-RDMP-LUN193-PKQTRAPR | E14: NB-DR-RDMP-0FA6-PKQTRAPR | G14: =CONCATENATE("for i in `cat /tmp/list.list`; do sed -i 's/",D14,"/",F14,"/g' $i;done") -> for i in `cat /tmp/list.list`; do sed -i 's///g' $i;done
B15: 코스닥 | C15: B-DR-RDMP-LUN194-PKQTRAPR | E15: NB-DR-RDMP-0FA7-PKQTRAPR | G15: =CONCATENATE("for i in `cat /tmp/list.list`; do sed -i 's/",D15,"/",F15,"/g' $i;done") -> for i in `cat /tmp/list.list`; do sed -i 's///g' $i;done
B16: 코스닥 | C16: B-DR-RDMP-LUN195-PKQTSAPR | E16: NB-DR-RDMP-0FA8-PKQTSAPR | G16: =CONCATENATE("for i in `cat /tmp/list.list`; do sed -i 's/",D16,"/",F16,"/g' $i;done") -> for i in `cat /tmp/list.list`; do sed -i 's///g' $i;done
B17: 코스닥 | C17: B-DR-RDMP-LUN196-PKQTSDBR | E17: NB-DR-RDMP-0FA9-PKQTSDBR | G17: =CONCATENATE("for i in `cat /tmp/list.list`; do sed -i 's/",D17,"/",F17,"/g' $i;done") -> for i in `cat /tmp/list.list`; do sed -i 's///g' $i;done
B18: 채권 | C18: B-DR-RDMP-LUN192-PKBCHAPR | E18: NB-DR-RDMP-0FAA-PKBCHAPR | G18: =CONCATENATE("for i in `cat /tmp/list.list`; do sed -i 's/",D18,"/",F18,"/g' $i;done") -> for i in `cat /tmp/list.list`; do sed -i 's///g' $i;done
B19: 채권 | C19: B-DR-RDMP-LUN193-PKBTRAPR | E19: NB-DR-RDMP-0FAB-PKBTRAPR | G19: =CONCATENATE("for i in `cat /tmp/list.list`; do sed -i 's/",D19,"/",F19,"/g' $i;done") -> for i in `cat /tmp/list.list`; do sed -i 's///g' $i;done
B20: 채권 | C20: B-DR-RDMP-LUN194-PKBTRAPR | E20: NB-DR-RDMP-0FAC-PKBTRAPR | G20: =CONCATENATE("for i in `cat /tmp/list.list`; do sed -i 's/",D20,"/",F20,"/g' $i;done") -> for i in `cat /tmp/list.list`; do sed -i 's///g' $i;done
... B32: 관리 | C32: B-DR-RDMP-LUN195-PKCMSSMR | E32: NB-DR-RDMP-0FBC-PKCMSSMR | G32: =CONCATENATE("for i in `cat /tmp/list.list`; do sed -i 's/",D32,"/",F32,"/g' $i;done") -> for i in `cat /tmp/list.list`; do sed -i 's///g' $i;done

Sheet SAN포트현황
B1: 가상화서버 | D1: SAN 포트현황(ASIS)
B2: 가상화 호스트 | C2: 서버명(Guest) | D2: 가상화 호스트 | F2: 스토리지
A3: 가상화 호스트 | D3: HBA | E3: WWN | F3: 사용Port | G3: WWN | H3: LUN ADDR
A4: =VLOOKUP($C$4:$C$172,가상화배치내역!$A$2:$B$335,2,FALSE) -> pkvex1006 | B4: pkvex1006 | C4: pkfchapr1 | H4: 0
A5: =VLOOKUP($C$4:$C$172,가상화배치내역!$A$2:$B$335,2,FALSE) -> #N/A | H5: 0.0020833333
A6: =VLOOKUP($C$4:$C$172,가상화배치내역!$A$2:$B$335,2,FALSE) -> #N/A | H6: 0F:00
A7: =VLOOKUP($C$4:$C$172,가상화배치내역!$A$2:$B$335,2,FALSE) -> #N/A | H7: 0F:01
A8: =VLOOKUP($C$4:$C$172,가상화배치내역!$A$2:$B$335,2,FALSE) -> #N/A | H8: 0F:02
A9: =VLOOKUP($C$4:$C$172,가상화배치내역!$A$2:$B$335,2,FALSE) -> #N/A | H9: 10:00
A10: =VLOOKUP($C$4:$C$172,가상화배치내역!$A$2:$B$335,2,FALSE) -> #N/A | H10: 10:03
A11: pkvex1010 | B11: pkvex1010 | C11: pkfchapr2 | H11: 0.00069444444
A12: pkvex1010 | H12: 0.0020833333
A13: pkvex1010 | H13: 0F:00
A14: =VLOOKUP($C$4:$C$172,가상화배치내역!$A$2:$B$335,2,FALSE) -> #N/A | H14: 0F:01
A15: pkvex1014 | H15: 0F:02
A16: pkvex1014 | H16: 10:01
A17: pkvex1014 | H17: 10:03
A18: =VLOOKUP($C$4:$C$172,가상화배치내역!$A$2:$B$335,2,FALSE) -> pkvex1014 | B18: pkvex1014 | C18: pkfchapr3 | H18: 0.0013888889
A19: =VLOOKUP($C$4:$C$172,가상화배치내역!$A$2:$B$335,2,FALSE) -> #N/A | H19: 0.0020833333
A20: =VLOOKUP($C$4:$C$172,가상화배치내역!$A$2:$B$335,2,FALSE) -> #N/A | H20: 0F:00
A21: =VLOOKUP($C$4:$C$172,가상화배치내역!$A$2:$B$335,2,FALSE) -> #N/A | H21: 0F:01
A22: =VLOOKUP($C$4:$C$172,가상화배치내역!$A$2:$B$335,2,FALSE) -> #N/A | H22: 0F:02
A23: =VLOOKUP($C$4:$C$172,가상화배치내역!$A$2:$B$335,2,FALSE) -> #N/A | H23: 10:02
A24: =VLOOKUP($C$4:$C$172,가상화배치내역!$A$2:$B$335,2,FALSE) -> #N/A | H24: 10:03
A25: =VLOOKUP($C$4:$C$172,가상화배치내역!$A$2:$B$335,2,FALSE) -> pkvex1003 | B25: pkvex1003 | C25: pkftrapr1 | H25: 0.0027777778
A26: =VLOOKUP($C$4:$C$172,가상화배치내역!$A$2:$B$335,2,FALSE) -> #N/A | H26: 0.0048611111
A27: =VLOOKUP($C$4:$C$172,가상화배치내역!$A$2:$B$335,2,FALSE) -> #N/A | H27: 0.0055555556
A28: pkvex1003 | H28: 0F:03
A29: pkvex1003 | H29: 0F:04
A30: pkvex1003 | H30: 0F:05
A31: pkvex1003 | H31: 10:04
A32: =VLOOKUP($C$4:$C$172,가상화배치내역!$A$2:$B$335,2,FALSE) -> #N/A | H32: 10:07
A33: pkvex1013 | H33: 10:08
A34: pkvex1013 | B34: pkvex1013 | C34: pkftrapr2 | H34: 0.0034722222
A35: pkvex1013 | H35: 0.0048611111
A36: pkvex1013 | H36: 0.0055555556
A37: =VLOOKUP($C$4:$C$172,가상화배치내역!$A$2:$B$335,2,FALSE) -> #N/A | H37: 0F:03
A38: =VLOOKUP($C$4:$C$172,가상화배치내역!$A$2:$B$335,2,FALSE) -> #N/A | H38: 0F:04
A39: =VLOOKUP($C$4:$C$172,가상화배치내역!$A$2:$B$335,2,FALSE) -> #N/A | H39: 0F:05
A40: pkvex1003 | H40: 10:05
A41: =VLOOKUP($C$4:$C$172,가상화배치내역!$A$2:$B$335,2,FALSE) -> #N/A | H41: 10:07
A42: pkvex1013 | H42: 10:08
A43: =VLOOKUP($C$4:$C$172,가상화배치내역!$A$2:$B$335,2,FALSE) -> pkvex1005 | B43: pkvex1005 | C43: pkftrapr3 | H43: 0.00625
A44: =VLOOKUP($C$4:$C$172,가상화배치내역!$A$2:$B$335,2,FALSE) -> #N/A | H44: 0:0C
A45: =VLOOKUP($C$4:$C$172,가상화배치내역!$A$2:$B$335,2,FALSE) -> #N/A | H45: 0:0D
A46: =VLOOKUP($C$4:$C$172,가상화배치내역!$A$2:$B$335,2,FALSE) -> #N/A | H46: 0:0E
A47: pkvex1005 | H47: 0F:06
A48: pkvex1005 | H48: 0F:07
A49: pkvex1005 | H49: 0F:08
A50: pkvex1005 | H50: 10:09
A51: pkvex1005 | H51: 10:0C
A52: =VLOOKUP($C$4:$C$172,가상화배치내역!$A$2:$B$335,2,FALSE) -> #N/A | H52: 10:0D
A53: pkvex1009 | H53: 10:0E
A54: pkvex1009 | B54: pkvex1009 | C54: pkftrapr4 | H54: 0:0A
A55: pkvex1009 | H55: 0:0C
A56: pkvex1009 | H56: 0:0D
A57: pkvex1009 | H57: 0:0E
A58: =VLOOKUP($C$4:$C$172,가상화배치내역!$A$2:$B$335,2,FALSE) -> #N/A | H58: 0F:06
A59: =VLOOKUP($C$4:$C$172,가상화배치내역!$A$2:$B$335,2,FALSE) -> #N/A | H59: 0F:07
A60: =VLOOKUP($C$4:$C$172,가상화배치내역!$A$2:$B$335,2,FALSE) -> #N/A | H60: 0F:08
A61: pkvex1005 | H61: 10:0A
A62: pkvex1005 | H62: 10:0C
A63: =VLOOKUP($C$4:$C$172,가상화배치내역!$A$2:$B$335,2,FALSE) -> #N/A | H63: 10:0D
A64: pkvex1009 | H64: 10:0E
A65: pkvex1009 | B65: pkvex1004 | C65: pkftsapr1 | H65: 0:0F
A66: =VLOOKUP($C$4:$C$172,가상화배치내역!$A$2:$B$335,2,FALSE) -> #N/A | H66: 0.0083333333
A67: =VLOOKUP($C$4:$C$172,가상화배치내역!$A$2:$B$335,2,FALSE) -> #N/A | H67: 0.0090277778
A68: =VLOOKUP($C$4:$C$172,가상화배치내역!$A$2:$B$335,2,FALSE) -> #N/A | H68: 0.0097222222
A69: =VLOOKUP($C$4:$C$172,가상화배치내역!$A$2:$B$335,2,FALSE) -> #N/A | H69: 0F:09
A70: =VLOOKUP($C$4:$C$172,가상화배치내역!$A$2:$B$335,2,FALSE) -> #N/A | H70: 0F:0A
A71: pkvex1004 | H71: 10:0F
A72: pkvex1004 | H72: 10:12
A73: pkvex1004 | H73: 10:13
A74: pkvex1004 | H74: 10:14
A75: =VLOOKUP($C$4:$C$172,가상화배치내역!$A$2:$B$335,2,FALSE) -> #N/A | H75: 0F:0B
A76: pkvex1008 | B76: pkvex1008 | C76: pkftsapr2 | H76: 0.0069444444
A77: pkvex1008 | H77: 0.0083333333
A78: pkvex1008 | H78: 0.0090277778
A79: pkvex1008 | H79: 0.0097222222
A80: =VLOOKUP($C$4:$C$172,가상화배치내역!$A$2:$B$335,2,FALSE) -> #N/A | H80: 0F:09
A81: pkvex1012 | H81: 0F:0A
A82: pkvex1012 | H82: 10:10
A83: pkvex1012 | H83: 10:12
A84: pkvex1012 | H84: 10:13
A85: =VLOOKUP($C$4:$C$172,가상화배치내역!$A$2:$B$335,2,FALSE) -> #N/A | H85: 10:14
A86: =VLOOKUP($C$4:$C$172,가상화배치내역!$A$2:$B$335,2,FALSE) -> #N/A | H86: 0F:0B
A87: =VLOOKUP($C$4:$C$172,가상화배치내역!$A$2:$B$335,2,FALSE) -> pkvex1012 | B87: pkvex1012 | C87: pkftsapr3 | H87: 0.0076388889
A88: =VLOOKUP($C$4:$C$172,가상화배치내역!$A$2:$B$335,2,FALSE) -> #N/A | H88: 0.0083333333
A89: pkvex1004 | H89: 0.0090277778
A90: pkvex1004 | H90: 0.0097222222
A91: pkvex1004 | H91: 0F:09
A92: =VLOOKUP($C$4:$C$172,가상화배치내역!$A$2:$B$335,2,FALSE) -> #N/A | H92: 0F:0A
A93: pkvex1008 | H93: 10:11
A94: pkvex1008 | H94: 10:12
A95: pkvex1008 | H95: 10:13
A96: =VLOOKUP($C$4:$C$172,가상화배치내역!$A$2:$B$335,2,FALSE) -> #N/A | H96: 10:14
A97: pkvex1012 | H97: 0F:0B
A98: pkvex1012 | B98: pkvex1007 | C98: pkftsdbr1 | H98: 0:15
A99: pkvex1012 | H99: 0:17
A100: =VLOOKUP($C$4:$C$172,가상화배치내역!$A$2:$B$335,2,FALSE) -> #N/A | H100: 0:18
...

Sheet 가상화배치내역
A1: hostname | B1: Ower host | C1: Total CPU core | D1: Total Hyper Threading | E1: Total MEM | F1: CPU core | G1: MEM (GB) | H1: Spare CPU core | I1: Spare MEM (GB) | J1: Hypervisor 접속 IP
A2: pkvex1001 | C2: 8 | D2: 16 | E2: 128 | H2: =IF($B2="",D2-SUMIF($B$2:$B$335,$A2,$F$2:$F$335),"") -> 8 | I2: =IF($B2="",E2-SUMIF($B$2:$B$335,$A2,$G$2:$G$335),"") -> 112 | J2: 10.145.106.1
A3: pkmifsmv1 | B3: pkvex1001 | F3: 8 | G3: 16 | H3: =IF($B3="",D3-SUMIF($B$2:$B$335,$A3,$F$2:$F$335),"") | I3: =IF($B3="",E3-SUMIF($B$2:$B$335,$A3,$G$2:$G$335),"")
A4: pkvex1002 | C4: 8 | D4: 16 | E4: 128 | H4: =IF($B4="",D4-SUMIF($B$2:$B$335,$A4,$F$2:$F$335),"") -> 12 | I4: =IF($B4="",E4-SUMIF($B$2:$B$335,$A4,$G$2:$G$335),"") -> 120 | J4: 10.145.106.2
A5: pkmifcmv1 | B5: pkvex1002 | F5: 4 | G5: 8 | H5: =IF($B5="",D5-SUMIF($B$2:$B$335,$A5,$F$2:$F$335),"") | I5: =IF($B5="",E5-SUMIF($B$2:$B$335,$A5,$G$2:$G$335),"")
A6: pkvex1003 | C6: 16 | D6: 32 | E6: 384 | H6: =IF($B6="",D6-SUMIF($B$2:$B$335,$A6,$F$2:$F$335),"") -> 24 | I6: =IF($B6="",E6-SUMIF($B$2:$B$335,$A6,$G$2:$G$335),"") -> 22 | J6: 10.145.106.5
A7: pkftrapr1 | B7: pkvex1003 | F7: 2 | G7: 8 | H7: =IF($B7="",D7-SUMIF($B$2:$B$335,$A7,$F$2:$F$335),"") | I7: =IF($B7="",E7-SUMIF($B$2:$B$335,$A7,$G$2:$G$335),"")
A8: pkstrapi2 | B8: pkvex1003 | F8: 6 | G8: 354 | H8: =IF($B8="",D8-SUMIF($B$2:$B$335,$A8,$F$2:$F$335),"") | I8: =IF($B8="",E8-SUMIF($B$2:$B$335,$A8,$G$2:$G$335),"")
A9: pkvex1004 | C9: 16 | D9: 32 | E9: 384 | H9: =IF($B9="",D9-SUMIF($B$2:$B$335,$A9,$F$2:$F$335),"") -> 22 | I9: =IF($B9="",E9-SUMIF($B$2:$B$335,$A9,$G$2:$G$335),"") -> 20 | J9: 10.145.106.6
A10: pkftsapr1 | B10: pkvex1004 | F10: 2 | G10: 8 | H10: =IF($B10="",D10-SUMIF($B$2:$B$335,$A10,$F$2:$F$335),"") | I10: =IF($B10="",E10-SUMIF($B$2:$B$335,$A10,$G$2:$G$335),"")
A11: pkstsapi1 | B11: pkvex1004 | F11: 8 | G11: 356 | H11: =IF($B11="",D11-SUMIF($B$2:$B$335,$A11,$F$2:$F$335),"") | I11: =IF($B11="",E11-SUMIF($B$2:$B$335,$A11,$G$2:$G$335),"")
A12: pkvex1005 | C12: 8 | D12: 16 | E12: 256 | H12: =IF($B12="",D12-SUMIF($B$2:$B$335,$A12,$F$2:$F$335),"") -> 8 | I12: =IF($B12="",E12-SUMIF($B$2:$B$335,$A12,$G$2:$G$335),"") -> 25 | J12: 10.145.106.7
A13: pkftrapr3 | B13: pkvex1005 | F13: 2 | G13: 8 | H13: =IF($B13="",D13-SUMIF($B$2:$B$335,$A13,$F$2:$F$335),"") | I13: =IF($B13="",E13-SUMIF($B$2:$B$335,$A13,$G$2:$G$335),"")
A14: pkschapi2 | B14: pkvex1005 | F14: 6 | G14: 223 | H14: =IF($B14="",D14-SUMIF($B$2:$B$335,$A14,$F$2:$F$335),"") | I14: =IF($B14="",E14-SUMIF($B$2:$B$335,$A14,$G$2:$G$335),"")
A15: pkvex1006 | C15: 16 | D15: 32 | E15: 384 | H15: =IF($B15="",D15-SUMIF($B$2:$B$335,$A15,$F$2:$F$335),"") -> 24 | I15: =IF($B15="",E15-SUMIF($B$2:$B$335,$A15,$G$2:$G$335),"") -> 22 | J15: 10.145.106.8
A16: pkfchapr1 | B16: pkvex1006 | F16: 2 | G16: 8 | H16: =IF($B16="",D16-SUMIF($B$2:$B$335,$A16,$F$2:$F$335),"") | I16: =IF($B16="",E16-SUMIF($B$2:$B$335,$A16,$G$2:$G$335),"")
A17: pkstrapi1 | B17: pkvex1006 | F17: 6 | G17: 354 | H17: =IF($B17="",D17-SUMIF($B$2:$B$335,$A17,$F$2:$F$335),"") | I17: =IF($B17="",E17-SUMIF($B$2:$B$335,$A17,$G$2:$G$335),"")
A18: pkvex1007 | C18: 8 | D18: 16 | E18: 256 | H18: =IF($B18="",D18-SUMIF($B$2:$B$335,$A18,$F$2:$F$335),"") -> 8 | I18: =IF($B18="",E18-SUMIF($B$2:$B$335,$A18,$G$2:$G$335),"") -> 15 | J18: 10.145.106.9
A19: pkftsdbr1 | B19: pkvex1007 | F19: 2 | G19: 8 | H19: =IF($B19="",D19-SUMIF($B$2:$B$335,$A19,$F$2:$F$335),"") | I19: =IF($B19="",E19-SUMIF($B$2:$B$335,$A19,$G$2:$G$335),"")
A20: pkstsdbi1 | B20: pkvex1007 | F20: 6 | G20: 233 | H20: =IF($B20="",D20-SUMIF($B$2:$B$335,$A20,$F$2:$F$335),"") | I20: =IF($B20="",E20-SUMIF($B$2:$B$335,$A20,$G$2:$G$335),"")
A21: pkvex1008 | C21: 16 | D21: 32 | E21: 384 | H21: =IF($B21="",D21-SUMIF($B$2:$B$335,$A21,$F$2:$F$335),"") -> 22 | I21: =IF($B21="",E21-SUMIF($B$2:$B$335,$A21,$G$2:$G$335),"") -> 20 | J21: 10.145.106.10
A22: pkftsapr2 | B22: pkvex1008 | F22: 2 | G22: 8 | H22: =IF($B22="",D22-SUMIF($B$2:$B$335,$A22,$F$2:$F$335),"") | I22: =IF($B22="",E22-SUMIF($B$2:$B$335,$A22,$G$2:$G$335),"")
A23: pkstsapi2 | B23: pkvex1008 | F23: 8 | G23: 356 | H23: =IF($B23="",D23-SUMIF($B$2:$B$335,$A23,$F$2:$F$335),"") | I23: =IF($B23="",E23-SUMIF($B$2:$B$335,$A23,$G$2:$G$335),"")
A24: pkvex1009 | C24: 8 | D24: 16 | E24: 256 | H24: =IF($B24="",D24-SUMIF($B$2:$B$335,$A24,$F$2:$F$335),"") -> 8 | I24: =IF($B24="",E24-SUMIF($B$2:$B$335,$A24,$G$2:$G$335),"") -> 25 | J24: 10.145.106.11
A25: pkftrapr4 | B25: pkvex1009 | F25: 2 | G25: 8 | H25: =IF($B25="",D25-SUMIF($B$2:$B$335,$A25,$F$2:$F$335),"") | I25: =IF($B25="",E25-SUMIF($B$2:$B$335,$A25,$G$2:$G$335),"")
A26: pkschapi3 | B26: pkvex1009 | F26: 6 | G26: 223 | H26: =IF($B26="",D26-SUMIF($B$2:$B$335,$A26,$F$2:$F$335),"") | I26: =IF($B26="",E26-SUMIF($B$2:$B$335,$A26,$G$2:$G$335),"")
A27: pkvex1010 | C27: 8 | D27: 16 | E27: 256 | H27: =IF($B27="",D27-SUMIF($B$2:$B$335,$A27,$F$2:$F$335),"") -> 12 | I27: =IF($B27="",E27-SUMIF($B$2:$B$335,$A27,$G$2:$G$335),"") -> 123 | J27: 10.145.106.12
A28: pkfchapr2 | B28: pkvex1010 | F28: 2 | G28: 8 | H28: =IF($B28="",D28-SUMIF($B$2:$B$335,$A28,$F$2:$F$335),"") | I28: =IF($B28="",E28-SUMIF($B$2:$B$335,$A28,$G$2:$G$335),"")
A29: pkstrapi3 | B29: pkvex1010 | F29: 2 | G29: 125 | H29: =IF($B29="",D29-SUMIF($B$2:$B$335,$A29,$F$2:$F$335),"") | I29: =IF($B29="",E29-SUMIF($B$2:$B$335,$A29,$G$2:$G$335),"")
A30: pkvex1011 | C30: 8 | D30: 16 | E30: 256 | H30: =IF($B30="",D30-SUMIF($B$2:$B$335,$A30,$F$2:$F$335),"") -> 8 | I30: =IF($B30="",E30-SUMIF($B$2:$B$335,$A30,$G$2:$G$335),"") -> 15 | J30: 10.145.106.13
A31: pkftsdbr2 | B31: pkvex1011 | F31: 2 | G31: 8 | H31: =IF($B31="",D31-SUMIF($B$2:$B$335,$A31,$F$2:$F$335),"") | I31: =IF($B31="",E31-SUMIF($B$2:$B$335,$A31,$G$2:$G$335),"")
A32: pkstsdbi2 | B32: pkvex1011 | F32: 6 | G32: 233 | H32: =IF($B32="",D32-SUMIF($B$2:$B$335,$A32,$F$2:$F$335),"") | I32: =IF($B32="",E32-SUMIF($B$2:$B$335,$A32,$G$2:$G$335),"")
A33: pkvex1012 | C33: 16 | D33: 32 | E33: 384 | H33: =IF($B33="",D33-SUMIF($B$2:$B$335,$A33,$F$2:$F$335),"") -> 22 | I33: =IF($B33="",E33-SUMIF($B$2:$B$335,$A33,$G$2:$G$335),"") -> 20 | J33: 10.145.106.14
A34: pkftsapr3 | B34: pkvex1012 | F34: 2 | G34: 8 | H34: =IF($B34="",D34-SUMIF($B$2:$B$335,$A34,$F$2:$F$335),"") | I34: =IF($B34="",E34-SUMIF($B$2:$B$335,$A34,$G$2:$G$335),"")
A35: pkstsapi3 | B35: pkvex1012 | F35: 8 | G35: 356 | H35: =IF($B35="",D35-SUMIF($B$2:$B$335,$A35,$F$2:$F$335),"") | I35: =IF($B35="",E35-SUMIF($B$2:$B$335,$A35,$G$2:$G$335),"")
A36: pkvex1013 | C36: 8 | D36: 16 | E36: 384 | H36: =IF($B36="",D36-SUMIF($B$2:$B$335,$A36,$F$2:$F$335),"") -> 8 | I36: =IF($B36="",E36-SUMIF($B$2:$B$335,$A36,$G$2:$G$335),"") -> 153 | J36: 10.145.106.15
A37: pkftrapr2 | B37: pkvex1013 | F37: 2 | G37: 8 | H37: =IF($B37="",D37-SUMIF($B$2:$B$335,$A37,$F$2:$F$335),"") | I37: =IF($B37="",E37-SUMIF($B$2:$B$335,$A37,$G$2:$G$335),"")
A38: pkschapi1 | B38: pkvex1013 | F38: 6 | G38: 223 | H38: =IF($B38="",D38-SUMIF($B$2:$B$335,$A38,$F$2:$F$335),"") | I38: =IF($B38="",E38-SUMIF($B$2:$B$335,$A38,$G$2:$G$335),"")
A39: pkvex1014 | C39: 16 | D39: 32 | E39: 256 | H39: =IF($B39="",D39-SUMIF($B$2:$B$335,$A39,$F$2:$F$335),"") -> 28 | I39: =IF($B39="",E39-SUMIF($B$2:$B$335,$A39,$G$2:$G$335),"") -> 123 | J39: 10.145.106.16
A40: pkfchapr3 | B40: pkvex1014 | F40: 2 | G40: 8 | H40: =IF($B40="",D40-SUMIF($B$2:$B$335,$A40,$F$2:$F$335),"") | I40: =IF($B40="",E40-SUMIF($B$2:$B$335,$A40,$G$2:$G$335),"")
A41: pkstrapi4 | B41: pkvex1014 | F41: 2 | G41: 125 | H41: =IF($B41="",D41-SUMIF($B$2:$B$335,$A41,$F$2:$F$335),"") | I41: =IF($B41="",E41-SUMIF($B$2:$B$335,$A41,$G$2:$G$335),"")
A42: pkvex1015 | C42: 8 | D42: 16 | E42: 192 | H42: =IF($B42="",D42-SUMIF($B$2:$B$335,$A42,$F$2:$F$335),"") -> 12 | I42: =IF($B42="",E42-SUMIF($B$2:$B$335,$A42,$G$2:$G$335),"") -> 60 | J42: 10.145.106.17
A43: pkmmsbkr2 | B43: pkvex1015 | F43: 2 | G43: 8 | H43: =IF($B43="",D43-SUMIF($B$2:$B$335,$A43,$F$2:$F$335),"") | I43: =IF($B43="",E43-SUMIF($B$2:$B$335,$A43,$G$2:$G$335),"")
A44: pkmmsjsi1 | B44: pkvex1015 | F44: 2 | G44: 124 | H44: =IF($B44="",D44-SUMIF($B$2:$B$335,$A44,$F$2:$F$335),"") | I44: =IF($B44="",E44-SUMIF($B$2:$B$335,$A44,$G$2:$G$335),"")
A45: pkvex1016 | C45: 8 | D45: 16 | E45: 256 | H45: =IF($B45="",D45-SUMIF($B$2:$B$335,$A45,$F$2:$F$335),"") -> 8 | I45: =IF($B45="",E45-SUMIF($B$2:$B$335,$A45,$G$2:$G$335),"") -> 37 | J45: 10.145.106.18
A46: pkbchapi3 | B46: pkvex1016 | F46: 2 | G46: 60 | H46: =IF($B46="",D46-SUMIF($B$2:$B$335,$A46,$F$2:$F$335),"") | I46: =IF($B46="",E46-SUMIF($B$2:$B$335,$A46,$G$2:$G$335),"")
A47: pkcrvapi2 | B47: pkvex1016 | F47: 4 | G47: 124 | H47: =IF($B47="",D47-SUMIF($B$2:$B$335,$A47,$F$2:$F$335),"") | I47: =IF($B47="",E47-SUMIF($B$2:$B$335,$A47,$G$2:$G$335),"")
A48: pkqtrapi4 | B48: pkvex1016 | F48: 2 | G48: 35 | H48: =IF($B48="",D48-SUMIF($B$2:$B$335,$A48,$F$2:$F$335),"") | I48: =IF($B48="",E48-SUMIF($B$2:$B$335,$A48,$G$2:$G$335),"")
A49: pkvex1017 | C49: 8 | D49: 16 | E49: 256 | H49: =IF($B49="",D49-SUMIF($B$2:$B$335,$A49,$F$2:$F$335),"") -> 10 | I49: =IF($B49="",E49-SUMIF($B$2:$B$335,$A49,$G$2:$G$335),"") -> 23 | J49: 10.145.106.19
A50: pkbtrapi3 | B50: pkvex1017 | F50: 2 | G50: 19 | H50: =IF($B50="",D50-SUMIF($B$2:$B$335,$A50,$F$2:$F$335),"") | I50: =IF($B50="",E50-SUMIF($B$2:$B$335,$A50,$G$2:$G$335),"")
A51: pkcscapi1 | B51: pkvex1017 | F51: 4 | G51: 214 | H51: =IF($B51="",D51-SUMIF($B$2:$B$335,$A51,$F$2:$F$335),"") | I51: =IF($B51="",E51-SUMIF($B$2:$B$335,$A51,$G$2:$G$335),"")
A52: pkvex1018 | C52: 16 | D52: 32 | E52: 192 | H52: =IF($B52="",D52-SUMIF($B$2:$B$335,$A52,$F$2:$F$335),"") -> 26 | I52: =IF($B52="",E52-SUMIF($B$2:$B$335,$A52,$G$2:$G$335),"") -> 16 | J52: 10.145.106.20
A53: pkbtrapi1 | B53: pkvex1018 | F53: 2 | G53: 59 | H53: =IF($B53="",D53-SUMIF($B$2:$B$335,$A53,$F$2:$F$335),"") | I53: =IF($B53="",E53-SUMIF($B$2:$B$335,$A53,$G$2:$G$335),"")
A54: pkceuapi1 | B54: pkvex1018 | F54: 4 | G54: 117 | H54: =IF($B54="",D54-SUMIF($B$2:$B$335,$A54,$F$2:$F$335),"") | I54: =IF($B54="",E54-SUMIF($B$2:$B$335,$A54,$G$2:$G$335),"")
A55: pkvex1019 | C55: 8 | D55: 16 | E55: 256 | H55: =IF($B55="",D55-SUMIF($B$2:$B$335,$A55,$F$2:$F$335),"") -> 10 | I55: =IF($B55="",E55-SUMIF($B$2:$B$335,$A55,$G$2:$G$335),"") -> 19 | J55: 10.145.106.21
A56: pkbchapi1 | B56: pkvex1019 | F56: 2 | G56: 60 | H56: =IF($B56="",D56-SUMIF($B$2:$B$335,$A56,$F$2:$F$335),"") | I56: =IF($B56="",E56-SUMIF($B$2:$B$335,$A56,$G$2:$G$335),"")
A57: pkbtsapi3 | B57: pkvex1019 | F57: 2 | G57: 76 | H57: =IF($B57="",D57-SUMIF($B$2:$B$335,$A57,$F$2:$F$335),"") | I57: =IF($B57="",E57-SUMIF($B$2:$B$335,$A57,$G$2:$G$335),"")
A58: pkcbnapi2 | B58: pkvex1019 | F58: 2 | G58: 101 | H58: =IF($B58="",D58-SUMIF($B$2:$B$335,$A58,$F$2:$F$335),"") | I58: =IF($B58="",E58-SUMIF($B$2:$B$335,$A58,$G$2:$G$335),"")
A59: pkvex1020 | C59: 8 | D59: 16 | E59: 256 | H59: =IF($B59="",D59-SUMIF($B$2:$B$335,$A59,$F$2:$F$335),"") -> 12 | I59: =IF($B59="",E59-SUMIF($B$2:$B$335,$A59,$G$2:$G$335),"") -> 212 | J59: 10.145.106.22
A60: pkmmsbkr1 | B60: pkvex1020 | F60: 2 | G60: 8 | H60: =IF($B60="",D60-SUMIF($B$2:$B$335,$A60,$F$2:$F$335),"") | I60: =IF($B60="",E60-SUMIF($B$2:$B$335,$A60,$G$2:$G$335),"")
A61: pkmmssmi1 | B61: pkvex1020 | F61: 2 | G61: 36 | H61: =IF($B61="",D61-SUMIF($B$2:$B$335,$A61,$F$2:$F$335),"") | I61: =IF($B61="",E61-SUMIF($B$2:$B$335,$A61,$G$2:$G$335),"")
A62: pkvex1021 | C62: 8 | D62: 16 | E62: 256 | H62: =IF($B62="",D62-SUMIF($B$2:$B$335,$A62,$F$2:$F$335),"") -> 10 | I62: =IF($B62="",E62-SUMIF($B$2:$B$335,$A62,$G$2:$G$335),"") -> 80 | J62: 10.145.106.23
A63: pkbtrapi2 | B63: pkvex1021 | F63: 2 | G63: 59 | H63: =IF($B63="",D63-SUMIF($B$2:$B$335,$A63,$F$2:$F$335),"") | I63: =IF($B63="",E63-SUMIF($B$2:$B$335,$A63,$G$2:$G$335),"")
A64: pkceuapi2 | B64: pkvex1021 | F64: 4 | G64: 117 | H64: =IF($B64="",D64-SUMIF($B$2:$B$335,$A64,$F$2:$F$335),"") | I64: =IF($B64="",E64-SUMIF($B$2:$B$335,$A64,$G$2:$G$335),"")
A65: pkvex1022 | C65: 8 | D65: 16 | E65: 256 | H65: =IF($B65="",D65-SUMIF($B$2:$B$335,$A65,$F$2:$F$335),"") -> 10 | I65: =IF($B65="",E65-SUMIF($B$2:$B$335,$A65,$G$2:$G$335),"") -> 23 | J65: 10.145.106.24
A66: pkbtrapi4 | B66: pkvex1022 | F66: 2 | G66: 19 | H66: =IF($B66="",D66-SUMIF($B$2:$B$335,$A66,$F$2:$F$335),"") | I66: =IF($B66="",E66-SUMIF($B$2:$B$335,$A66,$G$2:$G$335),"")
A67: pkcscapi2 | B67: pkvex1022 | F67: 4 | G67: 214 | H67: =IF($B67="",D67-SUMIF($B$2:$B$335,$A67,$F$2:$F$335),"") | I67: =IF($B67="",E67-SUMIF($B$2:$B$335,$A67,$G$2:$G$335),"")
A68: pkvex1023 | C68: 8 | D68: 16 | E68: 256 | H68: =IF($B68="",D68-SUMIF($B$2:$B$335,$A68,$F$2:$F$335),"") -> 12 | I68: =IF($B68="",E68-SUMIF($B$2:$B$335,$A68,$G$2:$G$335),"") -> 28 | J68: 10.145.106.25
A69: pkbtsdbi1 | B69: pkvex1023 | F69: 2 | G69: 114 | H69: =IF($B69="",D69-SUMIF($B$2:$B$335,$A69,$F$2:$F$335),"") | I69: =IF($B69="",E69-SUMIF($B$2:$B$335,$A69,$G$2:$G$335),"")
A70: pkqtsdbi1 | B70: pkvex1023 | F70: 2 | G70: 114 | H70: =IF($B70="",D70-SUMIF($B$2:$B$335,$A70,$F$2:$F$335),"") | I70: =IF($B70="",E70-SUMIF($B$2:$B$335,$A70,$G$2:$G$335),"")
A71: pkvex1024 | C71: 8 | D71: 16 | E71: 384 | H71: =IF($B71="",D71-SUMIF($B$2:$B$335,$A71,$F$2:$F$335),"") -> 6 | I71: =IF($B71="",E71-SUMIF($B$2:$B$335,$A71,$G$2:$G$335),"") -> 54 | J71: 10.145.106.26
A72: pkbtsapi1 | B72: pkvex1024 | F72: 2 | G72: 76 | H72: =IF($B72="",D72-SUMIF($B$2:$B$335,$A72,$F$2:$F$335),"") | I72: =IF($B72="",E72-SUMIF($B$2:$B$335,$A72,$G$2:$G$335),"")
A73: pkcrdapi1 | B73: pkvex1024 | F73: 2 | G73: 154 | H73: =IF($B73="",D73-SUMIF($B$2:$B$335,$A73,$F$2:$F$335),"") | I73: =IF($B73="",E73-SUMIF($B$2:$B$335,$A73,$G$2:$G$335),"")
A74: pkqtrapi2 | B74: pkvex1024 | F74: 6 | G74: 100 | H74: =IF($B74="",D74-SUMIF($B$2:$B$335,$A74,$F$2:$F$335),"") | I74: =IF($B74="",E74-SUMIF($B$2:$B$335,$A74,$G$2:$G$335),"")
A75: pkvex1025 | C75: 16 | D75: 32 | E75: 256 | H75: =IF($B75="",D75-SUMIF($B$2:$B$335,$A75,$F$2:$F$335),"") -> 10 | I75: =IF($B75="",E75-SUMIF($B$2:$B$335,$A75,$G$2:$G$335),"") -> 100 | J75: 10.145.106.27
A76: pcmapdbd1 | B76: pkvex1025 | F76: 4 | G76: 31 | H76: =IF($B76="",D76-SUMIF($B$2:$B$335,$A76,$F$2:$F$335),"") | I76: =IF($B76="",E76-SUMIF($B$2:$B$335,$A76,$G$2:$G$335),"")
A77: pkcapdbd1 | B77: pkvex1025 | F77: 10 | G77: 63 | H77: =IF($B77="",D77-SUMIF($B$2:$B$335,$A77,$F$2:$F$335),"") | I77: =IF($B77="",E77-SUMIF($B$2:$B$335,$A77,$G$2:$G$335),"")
A78: pkcifdbd1 | B78: pkvex1025 | F78: 4 | G78: 31 | H78: =IF($B78="",D78-SUMIF($B$2:$B$335,$A78,$F$2:$F$335),"") | I78: =IF($B78="",E78-SUMIF($B$2:$B$335,$A78,$G$2:$G$335),"")
A79: pkcpmdbd1 | B79: pkvex1025 | F79: 4 | G79: 31 | H79: =IF($B79="",D79-SUMIF($B$2:$B$335,$A79,$F$2:$F$335),"") | I79: =IF($B79="",E79-SUMIF($B$2:$B$335,$A79,$G$2:$G$335),"")
A80: pkvex1026 | C80: 8 | D80: 16 | E80: 256 | H80: =IF($B80="",D80-SUMIF($B$2:$B$335,$A80,$F$2:$F$335),"") -> 6 | I80: =IF($B80="",E80-SUMIF($B$2:$B$335,$A80,$G$2:$G$335),"") -> 41 | J80: 10.145.106.28
A81: pkciuapi2 | B81: pkvex1026 | F81: 4 | G81: 117 | H81: =IF($B81="",D81-SUMIF($B$2:$B$335,$A81,$F$2:$F$335),"") | I81: =IF($B81="",E81-SUMIF($B$2:$B$335,$A81,$G$2:$G$335),"")
A82: pkqtrapi3 | B82: pkvex1026 | F82: 2 | G82: 35 | H82: =IF($B82="",D82-SUMIF($B$2:$B$335,$A82,$F$2:$F$335),"") | I82: =IF($B82="",E82-SUMIF($B$2:$B$335,$A82,$G$2:$G$335),"")
A83: pksodapi2 | B83: pkvex1026 | F83: 4 | G83: 63 | H83: =IF($B83="",D83-SUMIF($B$2:$B$335,$A83,$F$2:$F$335),"") | I83: =IF($B83="",E83-SUMIF($B$2:$B$335,$A83,$G$2:$G$335),"")
A84: pkvex1027 | C84: 8 | D84: 16 | E84: 384 | H84: =IF($B84="",D84-SUMIF($B$2:$B$335,$A84,$F$2:$F$335),"") -> 6 | I84: =IF($B84="",E84-SUMIF($B$2:$B$335,$A84,$G$2:$G$335),"") -> 27 | J84: 10.145.106.29
A85: pkbtsdbi2 | B85: pkvex1027 | F85: 2 | G85: 114 | H85: =IF($B85="",D85-SUMIF($B$2:$B$335,$A85,$F$2:$F$335),"") | I85: =IF($B85="",E85-SUMIF($B$2:$B$335,$A85,$G$2:$G$335),"")
A86: pkcrddbi2 | B86: pkvex1027 | F86: 8 | G86: 243 | H86: =IF($B86="",D86-SUMIF($B$2:$B$335,$A86,$F$2:$F$335),"") | I86: =IF($B86="",E86-SUMIF($B$2:$B$335,$A86,$G$2:$G$335),"")
A87: pkvex1028 | C87: 8 | D87: 16 | E87: 384 | H87: =IF($B87="",D87-SUMIF($B$2:$B$335,$A87,$F$2:$F$335),"") -> 12 | I87: =IF($B87="",E87-SUMIF($B$2:$B$335,$A87,$G$2:$G$335),"") -> 154 | J87: 10.145.106.30
A88: pkbtsapi2 | B88: pkvex1028 | F88: 2 | G88: 76 | H88: =IF($B88="",D88-SUMIF($B$2:$B$335,$A88,$F$2:$F$335),"") | I88: =IF($B88="",E88-SUMIF($B$2:$B$335,$A88,$G$2:$G$335),"")
A89: pkcrdapi2 | B89: pkvex1028 | F89: 2 | G89: 154 | H89: =IF($B89="",D89-SUMIF($B$2:$B$335,$A89,$F$2:$F$335),"") | I89: =IF($B89="",E89-SUMIF($B$2:$B$335,$A89,$G$2:$G$335),"")
A90: pkvex1029 | C90: 8 | D90: 16 | E90: 256 | H90: =IF($B90="",D90-SUMIF($B$2:$B$335,$A90,$F$2:$F$335),"") -> 6 | I90: =IF($B90="",E90-SUMIF($B$2:$B$335,$A90,$G$2:$G$335),"") -> 32 | J90: 10.145.106.31
A91: pkcrvapi1 | B91: pkvex1029 | F91: 4 | G91: 124 | H91: =IF($B91="",D91-SUMIF($B$2:$B$335,$A91,$F$2:$F$335),"") | I91: =IF($B91="",E91-SUMIF($B$2:$B$335,$A91,$G$2:$G$335),"")
A92: pkqtrapi1 | B92: pkvex1029 | F92: 6 | G92: 100 | H92: =IF($B92="",D92-SUMIF($B$2:$B$335,$A92,$F$2:$F$335),"") | I92: =IF($B92="",E92-SUMIF($B$2:$B$335,$A92,$G$2:$G$335),"")
A93: pkvex1030 | C93: 8 | D93: 16 | E93: 384 | H93: =IF($B93="",D93-SUMIF($B$2:$B$335,$A93,$F$2:$F$335),"") -> 6 | I93: =IF($B93="",E93-SUMIF($B$2:$B$335,$A93,$G$2:$G$335),"") -> 27 | J93: 10.145.106.32
A94: pkcrddbi1 | B94: pkvex1030 | F94: 8 | G94: 243 | H94: =IF($B94="",D94-SUMIF($B$2:$B$335,$A94,$F$2:$F$335),"") | I94: =IF($B94="",E94-SUMIF($B$2:$B$335,$A94,$G$2:$G$335),"")
A95: pkqtsdbi2 | B95: pkvex1030 | F95: 2 | G95: 114 | H95: =IF($B95="",D95-SUMIF($B$2:$B$335,$A95,$F$2:$F$335),"") | I95: =IF($B95="",E95-SUMIF($B$2:$B$335,$A95,$G$2:$G$335),"")
A96: pkvex1031 | C96: 8 | D96: 16 | E96: 256 | H96: =IF($B96="",D96-SUMIF($B$2:$B$335,$A96,$F$2:$F$335),"") -> 8 | I96: =IF($B96="",E96-SUMIF($B$2:$B$335,$A96,$G$2:$G$335),"") -> 25 | J96: 10.145.106.33
A97: pkqchapi3 | B97: pkvex1031 | F97: 6 | G97: 102 | H97: =IF($B97="",D97-SUMIF($B$2:$B$335,$A97,$F$2:$F$335),"") | I97: =IF($B97="",E97-SUMIF($B$2:$B$335,$A97,$G$2:$G$335),"")
A98: pkqtsapi2 | B98: pkvex1031 | F98: 2 | G98: 129 | H98: =IF($B98="",D98-SUMIF($B$2:$B$335,$A98,$F$2:$F$335),"") | I98: =IF($B98="",E98-SUMIF($B$2:$B$335,$A98,$G$2:$G$335),"")
A99: pkvex1032 | C99: 8 | D99: 16 | E99: 256 | H99: =IF($B99="",D99-SUMIF($B$2:$B$335,$A99,$F$2:$F$335),"") -> 6 | I99: =IF($B99="",E99-SUMIF($B$2:$B$335,$A99,$G$2:$G$335),"") -> 76 | J99: 10.145.106.34
A100: pkciuapi1 | B100: pkvex1032 | F100: 4 | G100: 117 | H100: =IF($B100="",D100-SUMIF($B$2:$B$335,$A100,$F$2:$F$335),"") | I100: =IF($B100="",E100-SUMIF($B$2:$B$335,$A100,$G$2:$G$335),"")
...

Sheet Hypervisor(SAN AS-IS)
A1: 스토리지 Port WWN
A2: DR_VSP_CL1_1A | B2: 50:06:0e:80:16:62:21:00 | C2: SAN1 | H2: 유가 LUN Port
A3: DR_VSP_CL1_1B | B3: 50:06:0e:80:16:62:21:01 | C3: SAN1 | H3: 코스닥 LUN Port
A4: DR_VSP_CL1_1C | B4: 50:06:0e:80:16:62:21:02 | C4: SAN1 | H4: 채권 LUN Port
A5: DR_VSP_CL1_1D | B5: 50:06:0e:80:16:62:21:03 | C5: SAN1 | H5: 공통 LUN Port
A6: DR_VSP_CL1_3A | B6: 50:06:0e:80:16:62:21:20 | C6: SAN1 | H6: 관리 LUN Port
A7: DR_VSP_CL1_3B | B7: 50:06:0e:80:16:62:21:21 | C7: SAN1 | H7: DataStore
A8: DR_VSP_CL1_3C | B8: 50:06:0e:80:16:62:21:22 | C8: SAN1 | G8: 5B, 5D, 6B, 6D | H8: Template 배포
A9: DR_VSP_CL1_3D | B9: 50:06:0e:80:16:62:21:23 | C9: SAN1
A10: DR_VSP_CL1_5A | B10: 50:06:0e:80:16:62:21:40 | C10: SAN1
A11: DR_VSP_CL1_5B | B11: 50:06:0e:80:16:62:21:41 | C11: SAN1
A12: DR_VSP_CL1_5C | B12: 50:06:0e:80:16:62:21:42 | C12: SAN1
A13: DR_VSP_CL1_5D | B13: 50:06:0e:80:16:62:21:43 | C13: SAN1
A14: DR_VSP_CL1_7A | B14: 50:06:0e:80:16:62:21:60 | C14: SAN1
A15: DR_VSP_CL1_7B | B15: 50:06:0e:80:16:62:21:61 | C15: SAN1
A16: DR_VSP_CL1_7C | B16: 50:06:0e:80:16:62:21:62 | C16: SAN1
A17: DR_VSP_CL1_7D | B17: 50:06:0e:80:16:62:21:63 | C17: SAN1
A18: DR_VSP_PCS_CL1_1E | B18: 50:06:0e:80:16:62:21:04 | C18: SAN1 | E18: 청산
A19: DR_VSP_PCS_CL1_3E | B19: 50:06:0e:80:16:62:21:24 | C19: SAN1 | E19: 청산
A20: DR_VSP_CL2_2A | B20: 50:06:0e:80:16:62:21:10 | C20: SAN2
A21: DR_VSP_CL2_2B | B21: 50:06:0e:80:16:62:21:11 | C21: SAN2
A22: DR_VSP_CL2_2C | B22: 50:06:0e:80:16:62:21:12 | C22: SAN2
A23: DR_VSP_CL2_2D | B23: 50:06:0e:80:16:62:21:13 | C23: SAN2
A24: DR_VSP_CL2_4A | B24: 50:06:0e:80:16:62:21:30 | C24: SAN2
A25: DR_VSP_CL2_4B | B25: 50:06:0e:80:16:62:21:31 | C25: SAN2
A26: DR_VSP_CL2_4C | B26: 50:06:0e:80:16:62:21:32 | C26: SAN2
A27: DR_VSP_CL2_4D | B27: 50:06:0e:80:16:62:21:33 | C27: SAN2
A28: DR_VSP_CL2_6A | B28: 50:06:0e:80:16:62:21:50 | C28: SAN2
A29: DR_VSP_CL2_6B | B29: 50:06:0e:80:16:62:21:51 | C29: SAN2
A30: DR_VSP_CL2_6C | B30: 50:06:0e:80:16:62:21:52 | C30: SAN2
A31: DR_VSP_CL2_6D | B31: 50:06:0e:80:16:62:21:53 | C31: SAN2
... A35: DR_VSP_CL2_8D | B35: 50:06:0e:80:16:62:21:73 | C35: SAN2
A36: DR_VSP_PCS_CL2_2E | B36: 50:06:0e:80:16:62:21:14 | C36: SAN2 | E36: 청산
A37: DR_VSP_PCS_CL2_4E | B37: 50:06:0e:80:16:62:21:34 | C37: SAN2 | E37: 청산
A40: 가상화서버 | G40: SAN Switch Zone
A41: 가상화 호스트 | C41: HBA | G41: HOST | K41: STORAGE
A42: 가상화 호스트 | B42: IP | C42: Name | D42: WWN1 | E42: 디바이스 | F42: 경로 | G42: Switch | H42: Port | I42: Alias | J42: WWN | K42: Target Alias | L42: Target Alias | M42: Target Alias | N42: Target Alias | O42: Target Alias | P42: WWN
A43: pkvex2001 | B43: 10.146.106.3 | C43: vmhba2 | D43: 1000D89D67F21A49 | E43: 3 | F43: 4 | G43: SAN1 | H43: 18 | I43: ESX003_vmhba2 | J43: 10:00:d8:9d:67:f2:1a:49 | K43: DR_VSP_CL1_3B | L43: DR_VSP_CL1_3D | M43: DR_VSP_CL1_5B | N43: DR_VSP_CL1_5D
A44: pkvex2001 | B44: 10.146.106.3 | C44: vmhba4 | D44: 1000D89D67F20C81 | E44: 3 | F44: 4 | G44: SAN2 | H44: 18 | I44: ESX003_vmhba4 | J44: 10:00:d8:9d:67:f2:0c:81 | K44: DR_VSP_CL2_4B | L44: DR_VSP_CL2_4D | M44: DR_VSP_CL2_6B | N44: DR_VSP_CL2_6D
A45: pkvex2002 | B45: 10.146.106.4 | C45: vmhba2 | D45: 100038EAA7D3E131 | E45: 3 | F45: 4 | G45: SAN1 | H45: 22 | I45: ESX004_vmhba2 | J45: 10:00:38:ea:a7:d3:e1:31 | K45: DR_VSP_CL1_3B | L45: DR_VSP_CL1_3D | M45: DR_VSP_CL1_5B | N45: DR_VSP_CL1_5D
A46: pkvex2002 | B46: 10.146.106.4 | C46: vmhba4 | D46: 1000D89D67F21A21 | E46: 3 | F46: 4 | G46: SAN2 | H46: 22 | I46: ESX004_vmhba4 | J46: 10:00:d8:9d:67:f2:1a:21 | K46: DR_VSP_CL2_4B | L46: DR_VSP_CL2_4D | M46: DR_VSP_CL2_6B | N46: DR_VSP_CL2_6D
A47: pkvex2003 | B47: 10.146.106.42 | C47: vmhba2 | D47: 1000D89D67F20D89 | E47: 103 | F47: 205 | G47: SAN1 | H47: 18 | I47: ESX059_vmhba2 | J47: 10:00:d8:9d:67:f2:0d:89 | K47: DR_VSP_CL1_5D | L47: DR_VSP_CL1_7A | M47: DR_VSP_CL1_7C
A48: pkvex2003 | B48: 10.146.106.42 | C48: vmhba4 | D48: 1000D89D67F1F6E9 | E48: 103 | F48: 205 | G48: SAN2 | H48: 18 | I48: ESX059_vmhba4 | J48: 10:00:d8:9d:67:f1:f6:e9 | K48: DR_VSP_CL2_6D | L48: DR_VSP_CL2_8A | M48: DR_VSP_CL2_8C
A49: pkvex2004 | B49: 10.146.106.43 | C49: vmhba2 | D49: 1000D89D67F219E9 | E49: 103 | F49: 205 | G49: SAN1 | H49: 18 | I49: ESX073_vmhba2 | J49: 10:00:d8:9d:67:f2:19:e9 | K49: DR_VSP_CL1_5D | L49: DR_VSP_CL1_7A | M49: DR_VSP_CL1_7C
A50: pkvex2004 | B50: 10.146.106.43 | C50: vmhba4 | D50: 1000D89D67F21911 | E50: 103 | F50: 205 | G50: SAN2 | H50: 18 | I50: ESX073_vmhba4 | J50: 10:00:d8:9d:67:f2:19:11 | K50: DR_VSP_CL2_6D | L50: DR_VSP_CL2_8A | M50: DR_VSP_CL2_8C
A51: pkvex2005 | B51: 10.146.106.44 | C51: vmhba2 | D51: 1000D89D67F1F5F9 | E51: 103 | F51: 205 | G51: SAN1 | H51: 18 | I51: ESX078_vmhba2 | J51: 10:00:d8:9d:67:f1:f5:f9 | K51: DR_VSP_CL1_5D | L51: DR_VSP_CL1_7A | M51: DR_VSP_CL1_7C
A52: pkvex2005 | B52: 10.146.106.44 | C52: vmhba4 | D52: 100038EAA7D3D009 | E52: 103 | F52: 205 | G52: SAN2 | H52: 18 | I52: ESX078_vmhba4 | J52: 10:00:38:ea:a7:d3:d0:09 | K52: DR_VSP_CL2_6D | L52: DR_VSP_CL2_8A | M52: DR_VSP_CL2_8C
A53: pkvex2006 | B53: 10.146.106.45 | C53: vmhba2 | D53: 1000D89D67F1F511 | E53: 103 | F53: 205 | G53: SAN1 | H53: 18 | I53: ESX068_vmhba2 | J53: 10:00:d8:9d:67:f1:f5:11 | K53: DR_VSP_CL1_5D | L53: DR_VSP_CL1_7A | M53: DR_VSP_CL1_7C
A54: pkvex2006 | B54: 10.146.106.45 | C54: vmhba4 | D54: 1000D89D67F1F549 | E54: 103 | F54: 205 | G54: SAN2 | H54: 18 | I54: ESX068_vmhba4 | J54: 10:00:d8:9d:67:f1:f5:49 | K54: DR_VSP_CL2_6D | L54: DR_VSP_CL2_8A | M54: DR_VSP_CL2_8C
A55: pkvex2007 | B55: 10.146.106.46 | C55: vmhba2 | D55: 100038EAA7D3D091 | E55: 18 | F55: 35 | G55: SAN1 | H55: 18 | I55: ESX045_vmhba2 | J55: 10:00:38:ea:a7:d3:d0:91 | K55: DR_VSP_CL1_1B | L55: DR_VSP_CL1_1D | M55: DR_VSP_CL1_5D
A56: pkvex2007 | B56: 10.146.106.46 | C56: vmhba4 | D56: 1000D89D67F1F5C1 | E56: 18 | F56: 35 | G56: SAN2 | H56: 18 | I56: ESX045_vmhba4 | J56: 10:00:d8:9d:67:f1:f5:c1 | K56: DR_VSP_CL2_2B | L56: DR_VSP_CL2_2D | M56: DR_VSP_CL2_6D
A57: pkvex2008 | B57: 10.146.106.47 | C57: vmhba2 | D57: 1000D89D67F20C61 | E57: 103 | F57: 205 | G57: SAN1 | H57: 18 | I57: ESX060_vmhba2 | J57: 10:00:d8:9d:67:f2:0c:61 | K57: DR_VSP_CL1_5D | L57: DR_VSP_CL1_7A | M57: DR_VSP_CL1_7C
A58: pkvex2008 | B58: 10.146.106.47 | C58: vmhba4 | D58: 1000D89D67F20909 | E58: 103 | F58: 205 | G58: SAN2 | H58: 18 | I58: ESX060_vmhba4 | J58: 10:00:d8:9d:67:f2:09:09 | K58: DR_VSP_CL2_6D | L58: DR_VSP_CL2_8A | M58: DR_VSP_CL2_8C
... A62: pkvex2010 | B62: 10.146.106.49 | C62: vmhba4 | D62: 1000D89D67F21999 | E62: 103 | F62: 205 | G62: SAN2 | H62: 18 | I62: ESX058_vmhba4 | J62: 10:00:d8:9d:67:f2:19:99 | K62: DR_VSP_CL2_6D | L62: DR_VSP_CL2_8A | M62: DR_VSP_CL2_8C
A63: pkvex2011 | B63: 10.146.106.50 | C63: vmhba2 | D63: 1000D89D67F1F531 | E63: 0 | F63: 0 | G63: SAN1 | H63: 22 | I63: ESX090_vmhba2 | J63: 10:00:d8:9d:67:f1:f5:31
A64: pkvex2011 | B64: 10.146.106.50 | C64: vmhba4 | D64: 1000D89D67F1F619 | E64: 0 | F64: 0 | G64: SAN2 | H64: 22 | I64: ESX090_vmhba4 | J64: 10:00:d8:9d:67:f1:f6:19
A65: pkvex2012 | B65: 10.146.106.51 | C65: vmhba2 | D65: 100038EAA7D3C7A9 | E65: 103 | F65: 205 | G65: SAN1 | H65: 22 | I65: ESX065_vmhba2 | J65: 10:00:38:ea:a7:d3:c7:a9 | K65: DR_VSP_CL1_5D | L65: DR_VSP_CL1_7A | M65: DR_VSP_CL1_7C
A66: pkvex2012 | B66: 10.146.106.51 | C66: vmhba4 | D66: 1000D89D67F1F7D9 | E66: 103 | F66: 205 | G66: SAN2 | H66: 22 | I66: ESX065_vmhba4 | J66: 10:00:d8:9d:67:f1:f7:d9 | K66: DR_VSP_CL2_6D | L66: DR_VSP_CL2_8A | M66: DR_VSP_CL2_8C
A67: pkvex2013 | B67: 10.146.106.52 | C67: vmhba2 | D67: 1000D89D67F20B11 | E67: 18 | F67: 35 | G67: SAN1 | H67: 22 | I67: ESX071_vmhba2 | J67: 10:00:d8:9d:67:f2:0b:11 | K67: DR_VSP_CL1_1B | L67: DR_VSP_CL1_1D | M67: DR_VSP_CL1_5D
A68: pkvex2013 | B68: 10.146.106.52 | C68: vmhba4 | D68: 100038EAA7D3E151 | E68: 18 | F68: 35 | G68: SAN2 | H68: 22 | I68: ESX071_vmhba4 | J68: 10:00:38:ea:a7:d3:e1:51 | K68: DR_VSP_CL2_2B | L68: DR_VSP_CL2_2D | M68: DR_VSP_CL2_6D
A69: pkvex2014 | B69: 10.146.106.53 | C69: vmhba2 | D69: 1000D89D67F20A59 | E69: 18 | F69: 35 | G69: SAN1 | H69: 22 | I69: ESX046_vmhba2 | J69: 10:00:d8:9d:67:f2:0a:59 | K69: DR_VSP_CL1_1B | L69: DR_VSP_CL1_1D | M69: DR_VSP_CL1_5D
A70: pkvex2014 | B70: 10.146.106.53 | C70: vmhba4 | D70: 1000D89D67F20951 | E70: 18 | F70: 35 | G70: SAN2 | H70: 22 | I70: ESX046_vmhba4 | J70: 10:00:d8:9d:67:f2:09:51 | K70: DR_VSP_CL2_2B | L70: DR_VSP_CL2_2D | M70: DR_VSP_CL2_6D
A71: pkvex2015 | B71: 10.146.106.54 | C71: vmhba2 | D71: 1000D89D67F20919 | E71: 103 | F71: 205 | G71: SAN1 | H71: 22 | I71: ESX083_vmhba2 | J71: 10:00:d8:9d:67:f2:09:19 | K71: DR_VSP_CL1_5D | L71: DR_VSP_CL1_7A | M71: DR_VSP_CL1_7C
A72: pkvex2015 | B72: 10.146.106.54 | C72: vmhba4 | D72: 1000D89D67F208F1 | E72: 103 | F72: 205 | G72: SAN2 | H72: 22 | I72: ESX083_vmhba4 | J72: 10:00:d8:9d:67:f2:08:f1 | K72: DR_VSP_CL2_6D | L72: DR_VSP_CL2_8A | M72: DR_VSP_CL2_8C
A73: pkvex2016 | B73: 10.146.106.55 | C73: vmhba2 | D73: 1000D89D67F1F571 | E73: 18 | F73: 35 | G73: SAN1 | H73: 22 | I73: ESX092_vmhba2 | J73: 10:00:d8:9d:67:f1:f5:71 | K73: DR_VSP_CL1_1B | L73: DR_VSP_CL1_1D | M73: DR_VSP_CL1_5D
A74: pkvex2016 | B74: 10.146.106.55 | C74: vmhba4 | D74: 100038EAA7D3D231 | E74: 18 | F74: 35 | G74: SAN2 | H74: 22 | I74: ESX092_vmhba4 | J74: 10:00:38:ea:a7:d3:d2:31 | K74: DR_VSP_CL2_2B | L74: DR_VSP_CL2_2D | M74: DR_VSP_CL2_6D
A75: pkvex2017 | B75: 10.146.106.56 | C75: vmhba2 | D75: 1000D89D67F21AB9 | E75: 103 | F75: 205 | G75: SAN1 | H75: 22 | I75: ESX064_vmhba2 | J75: 10:00:d8:9d:67:f2:1a:b9 | K75: DR_VSP_CL1_5D | L75: DR_VSP_CL1_7A | M75: DR_VSP_CL1_7C
A76: pkvex2017 | B76: 10.146.106.56 | C76: vmhba4 | D76: 100038EAA7D3C791 | E76: 103 | F76: 205 | G76: SAN2 | H76: 22 | I76: ESX064_vmhba4 | J76: 10:00:38:ea:a7:d3:c7:91 | K76: DR_VSP_CL2_6D | L76: DR_VSP_CL2_8A | M76: DR_VSP_CL2_8C
... A80: pkvex2019 | B80: 10.146.106.58 | C80: vmhba4 | D80: 1000D89D67F20D91 | E80: 103 | F80: 205 | G80: SAN2 | H80: 19 | I80: ESX067_vmhba4 | J80: 10:00:d8:9d:67:f2:0d:91 | K80: DR_VSP_CL2_6D | L80: DR_VSP_CL2_8A | M80: DR_VSP_CL2_8C
A81: pkvex2020 | B81: 10.146.106.59 | C81: vmhba2 | D81: 1000D89D67F1F4D9 | E81: 0 | F81: 0 | G81: SAN1 | H81: 19 | I81: ESX091_vmhba2 | J81: 10:00:d8:9d:67:f1:f4:d9
A82: pkvex2020 | B82: 10.146.106.59 | C82: vmhba4 | D82: 1000D89D67F1F581 | E82: 0 | F82: 0 | G82: SAN2 | H82: 19 | I82: ESX091_vmhba4 | J82: 10:00:d8:9d:67:f1:f5:81
A83: pkvex2021 | B83: 10.146.106.60 | C83: vmhba2 | D83: 100038EAA7D3D239 | E83: 103 | F83: 205 | G83: SAN1 | H83: 19 | I83: ESX082_vmhba2 | J83: 10:00:38:ea:a7:d3:d2:39 | K83: DR_VSP_CL1_5D | L83: DR_VSP_CL1_7A | M83: DR_VSP_CL1_7C
A84: pkvex2021 | B84: 10.146.106.60 | C84: vmhba4 | D84: 100038EAA7D3E129 | E84: 103 | F84: 205 | G84: SAN2 | H84: 19 | I84: ESX082_vmhba4 | J84: 10:00:38:ea:a7:d3:e1:29 | K84: DR_VSP_CL2_6D | L84: DR_VSP_CL2_8A | M84: DR_VSP_CL2_8C
A85: pkvex2022 | B85: 10.146.106.61 | C85: vmhba2 | D85: 1000D89D67F20A69 | E85: 79 | F85: 313 | G85: SAN1 | H85: 19 | I85: ESX087_vmhba2 | J85: 10:00:d8:9d:67:f2:0a:69 | K85: DR_VSP_CL1_1A | L85: DR_VSP_CL1_1C | M85: DR_VSP_CL1_5B | N85: DR_VSP_CL1_7B | O85: DR_VSP_CL1_7D
A86: pkvex2022 | B86: 10.146.106.61 | C86: vmhba4 | D86: 1000D89D67F208B9 | E86: 79 | F86: 313 | G86: SAN2 | H86: 19 | I86: ESX087_vmhba4 | J86: 10:00:d8:9d:67:f2:08:b9 | K86: DR_VSP_CL2_2A | L86: DR_VSP_CL2_2C | M86: DR_VSP_CL2_6B | N86: DR_VSP_CL2_8B | O86: DR_VSP_CL2_8D
A87: pkvex2023 | B87: 10.146.106.62 | C87: vmhba2 | D87: 1000D89D67F208F9 | E87: 79 | F87: 313 | G87: SAN1 | H87: 19 | I87: ESX076_vmhba2 | J87: 10:00:d8:9d:67:f2:08:f9 | K87: DR_VSP_CL1_1A | L87: DR_VSP_CL1_1C | M87: DR_VSP_CL1_5B | N87: DR_VSP_CL1_7B | O87: DR_VSP_CL1_7D
A88: pkvex2023 | B88: 10.146.106.62 | C88: vmhba4 | D88: 1000D89D67F20839 | E88: 79 | F88: 313 | G88: SAN2 | H88: 19 | I88: ESX076_vmhba4 | J88: 10:00:d8:9d:67:f2:08:39 | K88: DR_VSP_CL2_2A | L88: DR_VSP_CL2_2C | M88: DR_VSP_CL2_6B | N88: DR_VSP_CL2_8B | O88: DR_VSP_CL2_8D
A89: pkvex2024 | B89: 10.146.106.63 | C89: vmhba2 | D89: 1000D89D67F21801 | E89: 79 | F89: 313 | G89: SAN1 | H89: 19 | I89: ESX080_vmhba2 | J89: 10:00:d8:9d:67:f2:18:01 | K89: DR_VSP_CL1_1A | L89: DR_VSP_CL1_1C | M89: DR_VSP_CL1_5B | N89: DR_VSP_CL1_7B | O89: DR_VSP_CL1_7D
A90: pkvex2024 | B90: 10.146.106.63 | C90: vmhba4 | D90: 1000D89D67F20911 | E90: 79 | F90: 313 | G90: SAN2 | H90: 19 | I90: ESX080_vmhba4 | J90: 10:00:d8:9d:67:f2:09:11 | K90: DR_VSP_CL2_2A | L90: DR_VSP_CL2_2C | M90: DR_VSP_CL2_6B | N90: DR_VSP_CL2_8B | O90: DR_VSP_CL2_8D
A91: pkvex2025 | B91: 10.146.106.64 | C91: vmhba2 | D91: 1000D89D67F208A9 | E91: 79 | F91: 313 | G91: SAN1 | H91: 19 | I91: ESX084_vmhba2 | J91: 10:00:d8:9d:67:f2:08:a9 | K91: DR_VSP_CL1_1A | L91: DR_VSP_CL1_1C | M91: DR_VSP_CL1_5B | N91: DR_VSP_CL1_7B | O91: DR_VSP_CL1_7D
A92: pkvex2025 | B92: 10.146.106.64 | C92: vmhba4 | D92: 1000D89D67F20851 | E92: 79 | F92: 313 | G92: SAN2 | H92: 19 | I92: ESX084_vmhba4 | J92: 10:00:d8:9d:67:f2:08:51 | K92: DR_VSP_CL2_2A | L92: DR_VSP_CL2_2C | M92: DR_VSP_CL2_6B | N92: DR_VSP_CL2_8B | O92: DR_VSP_CL2_8D
A93: pkvex2026 | B93: 10.146.106.65 | C93: vmhba2 | D93: 1000D89D67F20901 | E93: 79 | F93: 313 | G93: SAN1 | H93: 19 | I93: ESX088_vmhba2 | J93: 10:00:d8:9d:67:f2:09:01 | K93: DR_VSP_CL1_1A | L93: DR_VSP_CL1_1C | M93: DR_VSP_CL1_5B | N93: DR_VSP_CL1_7B | O93: DR_VSP_CL1_7D
A94: pkvex2026 | B94: 10.146.106.65 | C94: vmhba4 | D94: 100038EAA7D3D029 | E94: 79 | F94: 313 | G94: SAN2 | H94: 19 | I94: ESX088_vmhba4 | J94: 10:00:38:ea:a7:d3:d0:29 | K94: DR_VSP_CL2_2A | L94: DR_VSP_CL2_2C | M94: DR_VSP_CL2_6B | N94: DR_VSP_CL2_8B | O94: DR_VSP_CL2_8D
A95: pkvex2027 | B95: 10.146.106.66 | C95: vmhba2 | D95: 1000D89D67F20B61 | E95: 79 | F95: 313 | G95: SAN1 | H95: 23 | I95: ESX077_vmhba2 | J95: 10:00:d8:9d:67:f2:0b:61 | K95: DR_VSP_CL1_1A | L95: DR_VSP_CL1_1C | M95: DR_VSP_CL1_5B | N95: DR_VSP_CL1_7B | O95: DR_VSP_CL1_7D
A96: pkvex2027 | B96: 10.146.106.66 | C96: vmhba4 | D96: 1000D89D67F1F669 | E96: 79 | F96: 313 | G96: SAN2 | H96: 23 | I96: ESX077_vmhba4 | J96: 10:00:d8:9d:67:f1:f6:69 | K96: DR_VSP_CL2_2A | L96: DR_VSP_CL2_2C | M96: DR_VSP_CL2_6B | N96: DR_VSP_CL2_8B | O96: DR_VSP_CL2_8D
... A108: pkvex2033 | B108: 10.146.106.72 | C108: vmhba4 | D108: 1000D89D67F21989 | E108: 79 | F108: 313 | G108: SAN2 | H108: 23 | I108: ESX086_vmhba4 | J108: 10:00:d8:9d:67:f2:19:89 | K108: DR_VSP_CL2_2A | L108: DR_VSP_CL2_2C | M108: DR_VSP_CL2_6B | N108: DR_VSP_CL2_8B | O108: DR_VSP_CL2_8D
A109: pkvex2034 | B109: 10.146.106.73 | C109: vmhba2 | D109: 100038EAA7D3D2A9 | E109: 74 | F109: 147 | G109: SAN1 | H109: 18 | I109: ESX050_vmhba2 | J109: 10:00:38:ea:a7:d3:d2:a9 | K109: DR_VSP_CL1_3A | L109: DR_VSP_CL1_3C | M109: DR_VSP_CL1_5B
A110: pkvex2034 | B110: 10.146.106.73 | C110: vmhba4 | D110: 1000D89D67F1F5F1 | E110: 74 | F110: 147 | G110: SAN2 | H110: 18 | I110: ESX050_vmhba4 | J110: 10:00:d8:9d:67:f1:f5:f1 | K110: DR_VSP_CL2_4A | L110: DR_VSP_CL2_4C | M110: DR_VSP_CL2_6B
A111: pkvex2035 | B111: 10.146.106.74 | C111: vmhba2 | D111: 100038EAA7D3D371 | E111: 74 | F111: 147 | G111: SAN1 | H111: 18 | I111: ESX044_vmhba2 | J111: 10:00:38:ea:a7:d3:d3:71 | K111: DR_VSP_CL1_3A | L111: DR_VSP_CL1_3C | M111: DR_VSP_CL1_5B
A112: pkvex2035 | B112: 10.146.106.74 | C112: vmhba4 | D112: 100038EAA7D3D041 | E112: 74 | F112: 147 | G112: SAN2 | H112: 18 | I112: ESX044_vmhba4 | J112: 10:00:38:ea:a7:d3:d0:41 | K112: DR_VSP_CL2_4A | L112: DR_VSP_CL2_4C | M112: DR_VSP_CL2_6B
A113: pkvex2036 | B113: 10.146.106.75 | C113: vmhba2 | D113: 1000D89D67F20C01 | E113: 74 | F113: 147 | G113: SAN1 | H113: 18 | I113: ESX061_vmhba2 | J113: 10:00:d8:9d:67:f2:0c:01 | K113: DR_VSP_CL1_3A | L113: DR_VSP_CL1_3C | M113: DR_VSP_CL1_5B
A114: pkvex2036 | B114: 10.146.106.75 | C114: vmhba4 | D114: 1000D89D67F1F611 | E114: 74 | F114: 147 | G114: SAN2 | H114: 18 | I114: ESX061_vmhba4 | J114: 10:00:d8:9d:67:f1:f6:11 | K114: DR_VSP_CL2_4A | L114: DR_VSP_CL2_4C | M114: DR_VSP_CL2_6B
A115: pkvex2037 | B115: 10.146.106.76 | C115: vmhba2 | D115: 1000D89D67F1F4E9 | E115: 74 | F115: 147 | G115: SAN1 | H115: 18 | I115: ESX070_vmhba2 | J115: 10:00:d8:9d:67:f1:f4:e9 | K115: DR_VSP_CL1_3A | L115: DR_VSP_CL1_3C | M115: DR_VSP_CL1_5B
A116: pkvex2037 | B116: 10.146.106.76 | C116: vmhba4 | D116: 100038EAA7D3D0A9 | E116: 74 | F116: 147 | G116: SAN2 | H116: 18 | I116: ESX070_vmhba4 | J116: 10:00:38:ea:a7:d3:d0:a9 | K116: DR_VSP_CL2_4A | L116: DR_VSP_CL2_4C | M116: DR_VSP_CL2_6B
A117: pkvex2038 | B117: 10.146.106.77 | C117: vmhba2 | D117: 1000D89D67F20C59 | E117: 74 | F117: 147 | G117: SAN1 | H117: 18 | I117: ESX051_vmhba2 | J117: 10:00:d8:9d:67:f2:0c:59 | K117: DR_VSP_CL1_3A | L117: DR_VSP_CL1_3C | M117: DR_VSP_CL1_5B
A118: pkvex2038 | B118: 10.146.106.77 | C118: vmhba4 | D118: 1000D89D67F21A51 | E118: 74 | F118: 147 | G118: SAN2 | H118: 18 | I118: ESX051_vmhba4 | J118: 10:00:d8:9d:67:f2:1a:51 | K118: DR_VSP_CL2_4A | L118: DR_VSP_CL2_4C | M118: DR_VSP_CL2_6B
A119: pkvex2039 | B119: 10.146.106.78 | C119: vmhba2 | D119: 1000D89D67F219A1 | E119: 74 | F119: 147 | G119: SAN1 | H119: 18 | I119: ESX049_vmhba2 | J119: 10:00:d8:9d:67:f2:19:a1 | K119: DR_VSP_CL1_3A | L119: DR_VSP_CL1_3C | M119: DR_VSP_CL1_5B
A120: pkvex2039 | B120: 10.146.106.78 | C120: vmhba4 | D120: 1000D89D67F219E1 | E120: 74 | F120: 147 | G120: SAN2 | H120: 18 | I120: ESX049_vmhba4 | J120: 10:00:d8:9d:67:f2:19:e1 | K120: DR_VSP_CL2_4A | L120: DR_VSP_CL2_4C | M120: DR_VSP_CL2_6B
... A162: pkvex2060 | B162: 10.146.106.99 | C162: vmhba4 | D162: 1000C4346BFD64B9 | E162: 76 | F162: 151 | G162: SAN2 | H162: 23 | I162: pkvex2060_vmhba3 | J162: 10:00:c4:34:6b:fd:64:b9 | K162: DR_VSP_CL2_6D | L162: DR_VSP_PCS_CL2_2E | M162: DR_VSP_PCS_CL2_4E
A163: pkvex2061 | B163: 10.146.106.100 | C163: vmhba37 | D163: 20005CB901E290A9 | E163: 0 | F163: 0 | G163: #N/A | H163: #N/A | I163: #N/A | J163: #N/A
...

Sheet 작업중
A1: LUN ID | B1: LUN NAME | C1: VSP LUN Size | D1: 서버명 | E1: VG 명 | F1: LUN Name | G1: Volume size
A2: 0000 | B2: vg_ch1fs01 | C2: =1237320960/1024/1024 -> 1180.0012 | D2: =VLOOKUP(A2,$J$2:$Q$97,2,FALSE) -> pkfchapr1 | E2: =VLOOKUP(A2,$J$2:$Q$97,3,FALSE) -> vg_ch1fs01 | F2: =VLOOKUP(A2,$J$2:$Q$97,7,FALSE) -> vg_ch1fs01 | G2: =VLOOKUP(A2,$J$2:$Q$97,5,FALSE) -> 590 | H2: =VLOOKUP(A2,$J$2:$Q$97,1,FALSE) -> 0000 | J2: 0000 | K2: pkfchapr1 | L2: vg_ch1fs01 | M2: 1 | N2: 590 | O2: =M2*N2 -> 590 | P2: vg_ch1fs01 | Q2: 0 | R2: 00:00 | S2: 0000 | T2: 0 | U2: 0000
A3: 0001 | B3: vg_ch2fs01 | C3: 1237320960 | D3: =VLOOKUP(A3,$J$2:$Q$97,2,FALSE) -> pkfchapr2 | E3: =VLOOKUP(A3,$J$2:$Q$97,3,FALSE) -> vg_ch2fs01 | F3: =VLOOKUP(A3,$J$2:$Q$97,7,FALSE) -> vg_ch2fs01 | G3: =VLOOKUP(A3,$J$2:$Q$97,5,FALSE) -> 590 | H3: =VLOOKUP(A3,$J$2:$Q$97,1,FALSE) -> 0001 | J3: 0001 | K3: pkfchapr2 | L3: vg_ch2fs01 | M3: 1 | N3: 590 | O3: =M3*N3 -> 590 | P3: vg_ch2fs01 | Q3: 0.00069444444 | R3: 00:01 | S3: 0001 | T3: 0.00069444444 | U3: 0001
A4: 0002 | B4: vg_ch3fs01 | C4: 1237320960 | D4: =VLOOKUP(A4,$J$2:$Q$97,2,FALSE) -> pkfchapr3 | E4: =VLOOKUP(A4,$J$2:$Q$97,3,FALSE) -> vg_ch3fs01 | F4: =VLOOKUP(A4,$J$2:$Q$97,7,FALSE) -> vg_ch3fs01 | G4: =VLOOKUP(A4,$J$2:$Q$97,5,FALSE) -> 590 | H4: =VLOOKUP(A4,$J$2:$Q$97,1,FALSE) -> 0002 | J4: 0002 | K4: pkfchapr3 | L4: vg_ch3fs01 | M4: 1 | N4: 590 | O4: =M4*N4 -> 590 | P4: vg_ch3fs01 | Q4: 0.0013888889 | R4: 00:02 | S4: 0002 | T4: 0.0013888889 | U4: 0002
A5: 0003 | B5: vg_chcfs01 | C5: 157286400 | D5: =VLOOKUP(A5,$J$2:$Q$97,2,FALSE) -> pkfchapr1/pkfchapr2/pkfchapr3 | E5: =VLOOKUP(A5,$J$2:$Q$97,3,FALSE) -> vg_chcfs01 | F5: =VLOOKUP(A5,$J$2:$Q$97,7,FALSE) -> vg_chcfs01 | G5: =VLOOKUP(A5,$J$2:$Q$97,5,FALSE) -> 75 | H5: =VLOOKUP(A5,$J$2:$Q$97,1,FALSE) -> 0003 | J5: 0003 | K5: pkfchapr1/pkfchapr2/pkfchapr3 | L5: vg_chcfs01 | M5: 1 | N5: 75 | O5: =M5*N5 -> 75 | P5: vg_chcfs01 | Q5: 0.0020833333 | R5: 00:03 | S5: 0003 | T5: 0.0020833333 | U5: 0003
A6: 0004 | B6: vg_me1fs01 | C6: 104858880 | D6: =VLOOKUP(A6,$J$2:$Q$97,2,FALSE) -> pkftrapr1 | E6: =VLOOKUP(A6,$J$2:$Q$97,3,FALSE) -> vg_tr1fs01 | F6: =VLOOKUP(A6,$J$2:$Q$97,7,FALSE) -> vg_me1fs01 | G6: =VLOOKUP(A6,$J$2:$Q$97,5,FALSE) -> 50 | H6: =VLOOKUP(A6,$J$2:$Q$97,1,FALSE) -> 0004 | J6: 0F00 | K6: pkfchapr1/pkfchapr2/pkfchapr3 | L6: Lock Device | M6: 1 | N6: 0.2 | O6: =M6*N6 -> 0.2 | P6: Lock Device | Q6: 0F:00 | R6: 0F:00 | S6: 0F00 | T6: 0F:00 | U6: 0F00
A7: 0005 | B7: vg_me2fs01 | C7: 104858880 | D7: =VLOOKUP(A7,$J$2:$Q$97,2,FALSE) -> pkftrapr2 | E7: =VLOOKUP(A7,$J$2:$Q$97,3,FALSE) -> vg_tr2fs01 | F7: =VLOOKUP(A7,$J$2:$Q$97,7,FALSE) -> vg_me2fs01 | G7: =VLOOKUP(A7,$J$2:$Q$97,5,FALSE) -> 50 | H7: =VLOOKUP(A7,$J$2:$Q$97,1,FALSE) -> 0005 | J7: 0F01 | K7: pkfchapr1/pkfchapr2/pkfchapr3 | L7: Lock Device | M7: 1 | N7: 0.2 | O7: =M7*N7 -> 0.2 | P7: Lock Device | Q7: 0F:01 | R7: 0F:01 | S7: 0F01 | T7: 0F:01 | U7: 0F01
A8: 0007 | B8: vg_trcfs01 | C8: 188743680 | D8: =VLOOKUP(A8,$J$2:$Q$97,2,FALSE) -> pkftrapr1/pkftrapr2 | E8: =VLOOKUP(A8,$J$2:$Q$97,3,FALSE) -> vg_trcfs01 | F8: =VLOOKUP(A8,$J$2:$Q$97,7,FALSE) -> vg_mecfs01 | G8: =VLOOKUP(A8,$J$2:$Q$97,5,FALSE) -> 90 | H8: =VLOOKUP(A8,$J$2:$Q$97,1,FALSE) -> 0007 | J8: 0F02 | K8: pkfchapr1/pkfchapr2/pkfchapr3 | L8: Lock Device | M8: 1 | N8: 0.2 | O8: =M8*N8 -> 0.2 | P8: Lock Device | Q8: 0F:02 | R8: 0F:02 | S8: 0F02 | T8: 0F:02 | U8: 0F02
A9: 0008 | B9: vg_mecfs03 | C9: 230688000 | D9: =VLOOKUP(A9,$J$2:$Q$97,2,FALSE) -> pkftrapr1/pkftrapr2 | E9: =VLOOKUP(A9,$J$2:$Q$97,3,FALSE) -> vg_trcfs02 | F9: =VLOOKUP(A9,$J$2:$Q$97,7,FALSE) -> vg_mecfs03 | G9: =VLOOKUP(A9,$J$2:$Q$97,5,FALSE) -> 110 | H9: =VLOOKUP(A9,$J$2:$Q$97,1,FALSE) -> 0008 | J9: 1000 | K9: pkfchapr1 | L9: VVR_vg_ch1fs01 | M9: 1 | N9: 59 | O9: =M9*N9 -> 59 | P9: vg_ch1fs01 | Q9: 10:00 | R9: 10:00 | S9: 1000 | T9: 10:00 | U9: 1000
A10: 0009 | B10: vg_me1fs01 | C10: 104858880 | D10: =VLOOKUP(A10,$J$2:$Q$97,2,FALSE) -> pkftrapr3 | E10: =VLOOKUP(A10,$J$2:$Q$97,3,FALSE) -> vg_tr4fs01 | F10: =VLOOKUP(A10,$J$2:$Q$97,7,FALSE) -> vg_me1fs01 | G10: =VLOOKUP(A10,$J$2:$Q$97,5,FALSE) -> 50 | H10: =VLOOKUP(A10,$J$2:$Q$97,1,FALSE) -> 0009 | J10: 1001 | K10: pkfchapr2 | L10: VVR_vg_ch2fs01 | M10: 1 | N10: 59 | O10: =M10*N10 -> 59 | P10: vg_ch2fs01 | Q10: 10:01 | R10: 10:01 | S10: 1001 | T10: 10:01 | U10: 1001
A11: 000A | B11: vg_me2fs01 | C11: 104858880 | D11: =VLOOKUP(A11,$J$2:$Q$97,2,FALSE) -> pkftrapr4 | E11: =VLOOKUP(A11,$J$2:$Q$97,3,FALSE) -> vg_tr5fs01 | F11: =VLOOKUP(A11,$J$2:$Q$97,7,FALSE) -> vg_me2fs01 | G11: =VLOOKUP(A11,$J$2:$Q$97,5,FALSE) -> 50 | H11: =VLOOKUP(A11,$J$2:$Q$97,1,FALSE) -> 000A | J11: 1002 | K11: pkfchapr3 | L11: VVR_vg_ch3fs01 | M11: 1 | N11: 59 | O11: =M11*N11 -> 59 | P11: vg_ch3fs01 | Q11: 10:02 | R11: 10:02 | S11: 1002 | T11: 10:02 | U11: 1002
A12: 000C | B12: vg_mecfs01 | C12: 94371840 | D12: =VLOOKUP(A12,$J$2:$Q$97,2,FALSE) -> pkftrapr3/pkftrapr4 | E12: =VLOOKUP(A12,$J$2:$Q$97,3,FALSE) -> vg_trcfs01 | F12: =VLOOKUP(A12,$J$2:$Q$97,7,FALSE) -> vg_mecfs01 | G12: =VLOOKUP(A12,$J$2:$Q$97,5,FALSE) -> 45 | H12: =VLOOKUP(A12,$J$2:$Q$97,1,FALSE) -> 000C | J12: 1003 | K12: pkfchapr1/pkfchapr2/pkfchapr3 | L12: VVR_vg_chcfs01 | M12: 1 | N12: 7.5 | O12: =M12*N12 -> 7.5 | P12: vg_chcfs01 | Q12: 10:03 | R12: 10:03 | S12: 1003 | T12: 10:03 | U12: 1003
A13: 000D | B13: vg_trcfs02 | C13: 14680320 | D13: =VLOOKUP(A13,$J$2:$Q$97,2,FALSE) -> pkftrapr3/pkftrapr4 | E13: =VLOOKUP(A13,$J$2:$Q$97,3,FALSE) -> vg_trcfs02 | F13: =VLOOKUP(A13,$J$2:$Q$97,7,FALSE) -> vg_mecfs02 | G13: =VLOOKUP(A13,$J$2:$Q$97,5,FALSE) -> 7 | H13: =VLOOKUP(A13,$J$2:$Q$97,1,FALSE) -> 000D | J13: 1F00 | K13: S-DR-RDMP-LUN192-PKFCHAPR | L13: RDMp | M13: 1 | N13: 1.5 | O13: =M13*N13 -> 1.5 | P13: RDMp | Q13: 1F:00 | R13: 1F:00 | S13: 1F00 | T13: 1F:00 | U13: 1F00
A14: 000E | B14: vg_mecfs03 | C14: 230688000 | D14: =VLOOKUP(A14,$J$2:$Q$97,2,FALSE) -> pkftrapr3/pkftrapr4 | E14: =VLOOKUP(A14,$J$2:$Q$97,3,FALSE) -> vg_trcfs03 | F14: =VLOOKUP(A14,$J$2:$Q$97,7,FALSE) -> vg_mecfs03 | G14: =VLOOKUP(A14,$J$2:$Q$97,5,FALSE) -> 110 | H14: =VLOOKUP(A14,$J$2:$Q$97,1,FALSE) -> 000E | J14: 0004 | K14: pkftrapr1 | L14: vg_tr1fs01 | M14: 1 | N14: 50 | O14: =M14*N14 -> 50 | P14: vg_me1fs01 | Q14: 0.0027777778 | R14: 00:04 | S14: 0004 | T14: 0.0027777778 | U14: 0004
A15: 000F | B15: vg_ts1fs01 | C15: 104858880 | D15: =VLOOKUP(A15,$J$2:$Q$97,2,FALSE) -> pkftsapr1 | E15: =VLOOKUP(A15,$J$2:$Q$97,3,FALSE) -> vg_ts1fs01 | F15: =VLOOKUP(A15,$J$2:$Q$97,7,FALSE) -> vg_ts1fs01 | G15: =VLOOKUP(A15,$J$2:$Q$97,5,FALSE) -> 50 | H15: =VLOOKUP(A15,$J$2:$Q$97,1,FALSE) -> 000F | J15: 0005 | K15: pkftrapr2 | L15: vg_tr2fs01 | M15: 1 | N15: 50 | O15: =M15*N15 -> 50 | P15: vg_me2fs01 | Q15: 0.0034722222 | R15: 00:05 | S15: 0005 | T15: 0.0034722222 | U15: 0005
A16: 0010 | B16: vg_ts2fs01 | C16: 104858880 | D16: =VLOOKUP(A16,$J$2:$Q$97,2,FALSE) -> pkftsapr2 | E16: =VLOOKUP(A16,$J$2:$Q$97,3,FALSE) -> vg_ts2fs01 | F16: =VLOOKUP(A16,$J$2:$Q$97,7,FALSE) -> vg_ts2fs01 | G16: =VLOOKUP(A16,$J$2:$Q$97,5,FALSE) -> 50 | H16: =VLOOKUP(A16,$J$2:$Q$97,1,FALSE) -> 0010 | J16: 0007 | K16: pkftrapr1/pkftrapr2 | L16: vg_trcfs01 | M16: 1 | N16: 90 | O16: =M16*N16 -> 90 | P16: vg_mecfs01 | Q16: 0.0048611111 | R16: 00:07 | S16: 0007 | T16: 0.0048611111 | U16: 0007
A17: 0011 | B17: vg_ts3fs01 | C17: 104858880 | D17: =VLOOKUP(A17,$J$2:$Q$97,2,FALSE) -> pkftsapr3 | E17: =VLOOKUP(A17,$J$2:$Q$97,3,FALSE) -> vg_ts3fs01 | F17: =VLOOKUP(A17,$J$2:$Q$97,7,FALSE) -> vg_ts3fs01 | G17: =VLOOKUP(A17,$J$2:$Q$97,5,FALSE) -> 50 | H17: =VLOOKUP(A17,$J$2:$Q$97,1,FALSE) -> 0011 | J17: 0008 | K17: pkftrapr1/pkftrapr2 | L17: vg_trcfs02 | M17: 1 | N17: 110 | O17: =M17*N17 -> 110 | P17: vg_mecfs03 | Q17: 0.0055555556 | R17: 00:08 | S17: 0008 | T17: 0.0055555556 | U17: 0008
A18: 0012 | B18: vg_tscfs01 | C18: 188743680 | D18: =VLOOKUP(A18,$J$2:$Q$97,2,FALSE) -> pkftsapr1/pkftsapr2/pkftsapr3 | E18: =VLOOKUP(A18,$J$2:$Q$97,3,FALSE) -> vg_tscfs01 | F18: =VLOOKUP(A18,$J$2:$Q$97,7,FALSE) -> vg_tscfs01 | G18: =VLOOKUP(A18,$J$2:$Q$97,5,FALSE) -> 80 | H18: =VLOOKUP(A18,$J$2:$Q$97,1,FALSE) -> 0012 | J18: 0F03 | K18: pkftrapr1/pkftrapr2 | L18: Lock Device | M18: 1 | N18: 0.2 | O18: =M18*N18 -> 0.2 | P18: Lock Device | Q18: 0F:03 | R18: 0F:03 | S18: 0F03 | T18: 0F:03 | U18: 0F03
A19: 0013 | B19: vg_tscfs02 | C19: 213911040 | D19: =VLOOKUP(A19,$J$2:$Q$97,2,FALSE) -> pkftsapr1/pkftsapr2/pkftsapr3 | E19: =VLOOKUP(A19,$J$2:$Q$97,3,FALSE) -> vg_tscfs02 | F19: =VLOOKUP(A19,$J$2:$Q$97,7,FALSE) -> vg_tscfs02 | G19: =VLOOKUP(A19,$J$2:$Q$97,5,FALSE) -> 102 | H19: =VLOOKUP(A19,$J$2:$Q$97,1,FALSE) -> 0013 | J19: 0F04 | K19: pkftrapr1/pkftrapr2 | L19: Lock Device | M19: 1 | N19: 0.2 | O19: =M19*N19 -> 0.2 | P19: Lock Device | Q19: 0F:04 | R19: 0F:04 | S19: 0F04 | T19: 0F:04 | U19: 0F04
A20: 0014 | B20: vg_tscfs03 | C20: 230688000 | D20: =VLOOKUP(A20,$J$2:$Q$97,2,FALSE) -> pkftsapr1/pkftsapr2/pkftsapr3 | E20: =VLOOKUP(A20,$J$2:$Q$97,3,FALSE) -> vg_tscfs03 | F20: =VLOOKUP(A20,$J$2:$Q$97,7,FALSE) -> vg_tscfs03 | G20: =VLOOKUP(A20,$J$2:$Q$97,5,FALSE) -> 110 | H20: =VLOOKUP(A20,$J$2:$Q$97,1,FALSE) -> 0014 | J20: 0F05 | K20: pkftrapr1/pkftrapr2 | L20: Lock Device | M20: 1 | N20: 0.2 | O20: =M20*N20 -> 0.2 | P20: Lock Device | Q20: 0F:05 | R20: 0F:05 | S20: 0F05 | T20: 0F:05 | U20: 0F05
A21: 0015 | B21: vg_ts1fs01 | C21: 46137600 | D21: =VLOOKUP(A21,$J$2:$Q$97,2,FALSE) -> pkftsdbr1 | E21: =VLOOKUP(A21,$J$2:$Q$97,3,FALSE) -> vg_ts1fs01 | F21: =VLOOKUP(A21,$J$2:$Q$97,7,FALSE) -> vg_ts1fs01 | G21: =VLOOKUP(A21,$J$2:$Q$97,5,FALSE) -> 22 | H21: =VLOOKUP(A21,$J$2:$Q$97,1,FALSE) -> 0015 | J21: 1004 | K21: pkftrapr1 | L21: vg_tr1fs01 | M21: 1 | N21: 4.7 | O21: =M21*N21 -> 4.7 | P21: vg_me1fs01 | Q21: 10:04 | R21: 10:04 | S21: 1004 | T21: 10:04 | U21: 1004
A22: 0016 | B22: vg_ts2fs01 | C22: 46137600 | D22: =VLOOKUP(A22,$J$2:$Q$97,2,FALSE) -> pkftsdbr2 | E22: =VLOOKUP(A22,$J$2:$Q$97,3,FALSE) -> vg_ts2fs01 | F22: =VLOOKUP(A22,$J$2:$Q$97,7,FALSE) -> vg_ts2fs01 | G22: =VLOOKUP(A22,$J$2:$Q$97,5,FALSE) -> 22 | H22: =VLOOKUP(A22,$J$2:$Q$97,1,FALSE) -> 0016 | J22: 1005 | K22: pkftrapr2 | L22: vg_tr2fs01 | M22: 1 | N22: 4.7 | O22: =M22*N22 -> 4.7 | P22: vg_me2fs01 | Q22: 10:05 | R22: 10:05 | S22: 1005 | T22: 10:05 | U22: 1005
A23: 0017 | B23: vg_tscfs01 | C23: 1468007040 | D23: =VLOOKUP(A23,$J$2:$Q$97,2,FALSE) -> pkftsdbr1/pkftsdbr2 | E23: =VLOOKUP(A23,$J$2:$Q$97,3,FALSE) -> vg_tscfs01 | F23: =VLOOKUP(A23,$J$2:$Q$97,7,FALSE) -> vg_tscfs01 | G23: =VLOOKUP(A23,$J$2:$Q$97,5,FALSE) -> 700 | H23: =VLOOKUP(A23,$J$2:$Q$97,1,FALSE) -> 0017 | J23: 1007 | K23: pkftrapr1/pkftrapr2 | L23: vg_trcfs01 | M23: 1 | N23: 9 | O23: =M23*N23 -> 9 | P23: vg_trcfs01 | Q23: 10:07 | R23: 10:07 | S23: 1007 | T23: 10:07 | U23: 1007
A24: 0018 | B24: vg_tscfs01 | C24: 1468007040 | D24: =VLOOKUP(A24,$J$2:$Q$97,2,FALSE) -> pkftsdbr1/pkftsdbr2 | E24: =VLOOKUP(A24,$J$2:$Q$97,3,FALSE) -> vg_tscfs01 | F24: =VLOOKUP(A24,$J$2:$Q$97,7,FALSE) -> vg_tscfs01 | G24: =VLOOKUP(A24,$J$2:$Q$97,5,FALSE) -> 700 | H24: =VLOOKUP(A24,$J$2:$Q$97,1,FALSE) -> 0018 | J24: 1008 | K24: pkftrapr1/pkftrapr2 | L24: vg_trcfs02 | M24: 1 | N24: 10.2 | O24: =M24*N24 -> 10.2 | P24: vg_mecfs03 | Q24: 10:08 | R24: 10:08 | S24: 1008 | T24: 10:08 | U24: 1008
A25: 001A | B25: vg_tsdb01 | C25: 2097152640 | D25: =VLOOKUP(A25,$J$2:$Q$97,2,FALSE) -> pkftsdbr1/pkftsdbr2 | E25: =VLOOKUP(A25,$J$2:$Q$97,3,FALSE) -> vg_tsdb01 | F25: =VLOOKUP(A25,$J$2:$Q$97,7,FALSE) -> vg_tsdb01 | G25: =VLOOKUP(A25,$J$2:$Q$97,5,FALSE) -> 1000 | H25: =VLOOKUP(A25,$J$2:$Q$97,1,FALSE) -> 001A | J25: 1F01 | K25: S-DR-RDMP-LUN193-PKFTRAPR | L25: RDMp | M25: 1 | N25: 1.5 | O25: =M25*N25 -> 1.5 | P25: RDMp | Q25: 1F:01 | R25: 1F:01 | S25: 1F01 | T25: 1F:01 | U25: 1F01
